"SLA191904230","CHA",1,0,0,0,0,0,0,"leibn101","L","daved101","R","","","","5/FL","T","F",9,1,2,"T","T",0,"F","F",1,0,"F","F",0,0,0,0,0
"SLA191904230","CHA",1,0,1,0,0,0,0,"weavb101","L","daved101","R","","","","3/G","F","F",5,2,2,"T","T",0,"F","F",1,0,"F","F",0,0,0,0,0
"SLA191904230","CHA",1,0,2,0,0,0,0,"colle101","L","daved101","R","","","","E6/TH.BX2(25)","F","F",4,3,18,"T","T",0,"F","F",1,0,"F","F",1,0,0,0,0
"SLA191904230","CHA",1,1,0,0,0,0,0,"tobij101","L","willl104","L","","","","K/C","T","F",7,1,3,"T","T",0,"F","F",1,0,"F","F",0,0,0,0,0
"SLA191904230","CHA",1,1,1,0,0,0,0,"gedej101","R","willl104","L","","","","S/89","F","F",4,2,20,"T","T",1,"F","F",0,0,"F","F",0,1,0,0,0
"SLA191904230","CHA",1,1,1,0,0,0,0,"sislg101","L","willl104","L","gedej101","","","16(1)/FO","F","F",3,3,2,"T","T",0,"F","F",1,0,"F","F",0,1,0,0,0
"SLA191904230","CHA",1,1,2,0,0,0,0,"willk101","L","willl104","L","sislg101","","","E5/G.1-2","F","F",8,4,18,"T","T",0,"F","F",0,0,"F","F",1,1,2,0,0
"SLA191904230","CHA",1,1,2,0,0,0,0,"demmr101","L","willl104","L","willk101","sislg101","","T8.2-H(UR);1-H(UR)","F","F",9,5,22,"T","T",3,"F","F",0,2,"F","F",0,3,5,5,0
"SLA191904230","CHA",1,1,2,0,0,0,2,"bronh101","R","willl104","L","","","demmr101","31","F","F",5,6,2,"T","T",0,"F","F",1,0,"F","F",0,0,0,0,3
"SLA191904230","CHA",2,0,0,0,0,0,2,"jackj101","L","daved101","R","","","","D7/L","T","F",7,4,21,"T","T",2,"F","F",0,0,"F","F",0,2,0,0,0
"SLA191904230","CHA",2,0,0,0,0,0,2,"felsh101","R","daved101","R","","jackj101","","W","F","F",8,5,14,"T","F",0,"F","F",0,0,"F","F",0,1,0,2,0
"SLA191904230","CHA",2,0,0,0,0,0,2,"gandc101","R","daved101","R","felsh101","jackj101","","14/SH.2-3;1-2","F","F",3,6,2,"T","F",0,"T","F",1,0,"F","F",0,0,2,3,0
"SLA191904230","CHA",2,0,1,0,0,0,2,"risbs101","R","daved101","R","","felsh101","jackj101","K/C","F","F",6,7,3,"T","T",0,"F","F",1,0,"F","F",0,0,0,2,3
"SLA191904230","CHA",2,0,2,0,0,0,2,"schar103","R","daved101","R","","felsh101","jackj101","CSH(2)","F","F",2,8,6,"F","F",0,"F","F",1,0,"F","F",0,0,0,2,0
"SLA191904230","CHA",2,1,0,0,0,0,2,"gerbw101","R","willl104","L","","","","K","T","F",6,7,3,"T","T",0,"F","F",1,0,"F","F",0,0,0,0,0
"SLA191904230","CHA",2,1,1,0,0,0,2,"billj103","R","willl104","L","","","","6","F","F",2,8,2,"T","T",0,"F","F",1,0,"F","F",0,0,0,0,0
"SLA191904230","CHA",2,1,2,0,0,0,2,"daved101","R","willl104","L","","","","3/G","F","F",1,9,2,"T","T",0,"F","F",1,0,"F","F",0,0,0,0,0
"SLA191904230","CHA",3,0,0,0,0,0,2,"schar103","R","daved101","R","","","","S7","T","F",2,8,20,"T","T",1,"F","F",0,0,"F","F",0,1,0,0,0
"SLA191904230","CHA",3,0,0,0,0,0,2,"willl104","R","daved101","R","schar103","","","36(1)/FO/BG","F","F",1,9,2,"T","T",0,"F","F",1,0,"F","F",0,1,0,0,0
"SLA191904230","CHA",3,0,1,0,0,0,2,"leibn101","L","daved101","R","willl104","","","S/78.1-2","F","F",9,1,20,"T","T",1,"F","F",0,0,"F","F",0,1,2,0,0
"SLA191904230","CHA",3,0,1,0,0,0,2,"weavb101","L","daved101","R","leibn101","willl104","","T7.2-H;1-H","F","F",5,2,22,"T","T",3,"F","F",0,2,"F","F",0,3,4,4,0
"SLA191904230","CHA",3,0,1,0,0,2,2,"colle101","L","daved101","R","","","weavb101","4/L","F","F",4,3,2,"T","T",0,"F","F",1,0,"F","F",0,0,0,0,3
"SLA191904230","CHA",3,0,2,0,0,2,2,"jackj101","L","daved101","R","","","weavb101","S7.3-H","F","F",7,4,20,"T","T",1,"F","F",0,1,"F","F",0,1,0,0,4
"SLA191904230","CHA",3,0,2,0,0,3,2,"felsh101","R","daved101","R","jackj101","","","S8.1-2","F","F",8,5,20,"T","T",1,"F","F",0,0,"F","F",0,1,2,0,0
"SLA191904230","CHA",3,0,2,0,0,3,2,"gandc101","R","roget101","R","felsh101","jackj101","","4","F","F",3,6,2,"T","T",0,"F","F",1,0,"F","F",0,0,1,2,0
"SLA191904230","CHA",3,1,0,0,0,3,2,"tobij101","L","willl104","L","","","","D/89","T","F",7,1,21,"T","T",2,"F","F",0,0,"F","F",0,2,0,0,0
"SLA191904230","CHA",3,1,0,0,0,3,2,"gedej101","R","willl104","L","","tobij101","","S7.2-3","F","F",4,2,20,"T","T",1,"F","F",0,0,"F","F",0,1,0,3,0
"SLA191904230","CHA",3,1,0,0,0,3,2,"sislg101","L","willl104","L","gedej101","","tobij101","46(1)/FO.3-H","F","F",3,3,2,"T","T",0,"F","F",1,1,"F","F",0,1,0,0,4
"SLA191904230","CHA",3,1,1,0,0,3,3,"willk101","L","willl104","L","sislg101","","","43.1-2","F","F",8,4,2,"T","T",0,"F","F",1,0,"F","F",0,0,2,0,0
"SLA191904230","CHA",3,1,2,0,0,3,3,"demmr101","L","willl104","L","","sislg101","","K","F","F",9,5,3,"T","T",0,"F","F",1,0,"F","F",0,0,0,2,0
"SLA191904230","CHA",4,0,0,0,0,3,3,"risbs101","R","roget101","R","","","","S8","T","F",6,7,20,"T","T",1,"F","F",0,0,"F","F",0,1,0,0,0
"SLA191904230","CHA",4,0,0,0,0,3,3,"schar103","R","roget101","R","risbs101","","","S/78.1-2","F","F",2,8,20,"T","T",1,"F","F",0,0,"F","F",0,1,2,0,0
"SLA191904230","CHA",4,0,0,0,0,3,3,"willl104","R","roget101","R","schar103","risbs101","","S1.2-3;1-2","F","F",1,9,20,"T","T",1,"F","F",0,0,"F","F",0,1,2,3,0
"SLA191904230","CHA",4,0,0,0,0,3,3,"leibn101","L","roget101","R","willl104","schar103","risbs101","K","F","F",9,1,3,"T","T",0,"F","F",1,0,"F","F",0,0,1,2,3
"SLA191904230","CHA",4,0,1,0,0,3,3,"weavb101","L","roget101","R","willl104","schar103","risbs101","S8.3-H;2-H;1-2","F","F",5,2,20,"T","T",1,"F","F",0,2,"F","F",0,1,2,4,4
"SLA191904230","CHA",4,0,1,0,0,5,3,"colle101","L","leifl101","L","weavb101","willl104","","HR/78.2-H;1-H","F","F",4,3,23,"T","T",4,"F","F",0,3,"F","F",0,4,4,4,0
"SLA191904230","CHA",4,0,1,0,0,8,3,"jackj101","L","leifl101","L","","","","S/89","F","F",7,4,20,"T","T",1,"F","F",0,0,"F","F",0,1,0,0,0
"SLA191904230","CHA",4,0,1,0,0,8,3,"felsh101","R","leifl101","L","jackj101","","","FLE9","F","F",8,5,13,"F","F",0,"F","F",0,0,"F","F",1,0,1,0,0
"SLA191904230","CHA",4,0,1,0,0,8,3,"felsh101","R","leifl101","L","jackj101","","","8(B)3(1)/LDP","F","F",8,5,2,"T","T",0,"F","F",2,0,"F","F",0,0,0,0,0
"SLA191904230","CHA",4,1,0,0,0,8,3,"bronh101","R","willl104","L","","","","S9","T","F",5,6,20,"T","T",1,"F","F",0,0,"F","F",0,1,0,0,0
"SLA191904230","CHA",4,1,0,0,0,8,3,"gerbw101","R","willl104","L","bronh101","","","54(1)/FO","F","F",6,7,2,"T","T",0,"F","F",1,0,"F","F",0,1,0,0,0
"SLA191904230","CHA",4,1,1,0,0,8,3,"billj103","R","willl104","L","gerbw101","","","54(1)/FO","F","F",2,8,2,"T","T",0,"F","F",1,0,"F","F",0,1,0,0,0
"SLA191904230","CHA",4,1,2,0,0,8,3,"leifl101","L","willl104","L","billj103","","","K","F","F",1,9,3,"T","T",0,"F","F",1,0,"F","F",0,0,1,0,0
"SLA191904230","CHA",5,0,0,0,0,8,3,"gandc101","R","leifl101","L","","","","D/89","T","F",3,6,21,"T","T",2,"F","F",0,0,"F","F",0,2,0,0,0
"SLA191904230","CHA",5,0,0,0,0,8,3,"risbs101","R","leifl101","L","","gandc101","","S7.2-3","F","F",6,7,20,"T","T",1,"F","F",0,0,"F","F",0,1,0,3,0
"SLA191904230","CHA",5,0,0,0,0,8,3,"schar103","R","leifl101","L","risbs101","","gandc101","8/SF.3-H","F","F",2,8,2,"T","F",0,"F","T",1,1,"F","F",0,0,1,0,4
"SLA191904230","CHA",5,0,1,0,0,9,3,"willl104","R","leifl101","L","risbs101","","","S1/BG.1-2","F","F",1,9,20,"T","T",1,"F","F",0,0,"F","F",0,1,2,0,0
"SLA191904230","CHA",5,0,1,0,0,9,3,"leibn101","L","leifl101","L","willl104","risbs101","","64(1)/FO/DP.2XH(42)","F","F",9,1,2,"T","T",0,"F","F",2,0,"F","F",0,1,0,0,0
"SLA191904230","CHA",5,1,0,0,0,9,3,"tobij101","L","willl104","L","","","","13","T","F",7,1,2,"T","T",0,"F","F",1,0,"F","F",0,0,0,0,0
"SLA191904230","CHA",5,1,1,0,0,9,3,"gedej101","R","willl104","L","","","","S5","F","F",4,2,20,"T","T",1,"F","F",0,0,"F","F",0,1,0,0,0
"SLA191904230","CHA",5,1,1,0,0,9,3,"sislg101","L","willl104","L","gedej101","","","2/P","F","F",3,3,2,"T","T",0,"F","F",1,0,"F","F",0,0,1,0,0
"SLA191904230","CHA",5,1,2,0,0,9,3,"willk101","L","willl104","L","gedej101","","","2/P","F","F",8,4,2,"T","T",0,"F","F",1,0,"F","F",0,0,1,0,0
"SLA191904230","CHA",6,0,0,0,0,9,3,"weavb101","R","leifl101","L","","","","53","T","F",5,2,2,"T","T",0,"F","F",1,0,"F","F",0,0,0,0,0
"SLA191904230","CHA",6,0,1,0,0,9,3,"colle101","L","leifl101","L","","","","S9","F","F",4,3,20,"T","T",1,"F","F",0,0,"F","F",0,1,0,0,0
"SLA191904230","CHA",6,0,1,0,0,9,3,"jackj101","L","leifl101","L","colle101","","","9/L","F","F",7,4,2,"T","T",0,"F","F",1,0,"F","F",0,0,1,0,0
"SLA191904230","CHA",6,0,2,0,0,9,3,"felsh101","R","leifl101","L","colle101","","","53","F","F",8,5,2,"T","T",0,"F","F",1,0,"F","F",0,0,1,0,0
"SLA191904230","CHA",6,1,0,0,0,9,3,"demmr101","L","willl104","L","","","","K","T","F",9,5,3,"T","T",0,"F","F",1,0,"F","F",0,0,0,0,0
"SLA191904230","CHA",6,1,1,0,0,9,3,"bronh101","R","willl104","L","","","","4","F","F",5,6,2,"T","T",0,"F","F",1,0,"F","F",0,0,0,0,0
"SLA191904230","CHA",6,1,2,0,0,9,3,"gerbw101","R","willl104","L","","","","31","F","F",6,7,2,"T","T",0,"F","F",1,0,"F","F",0,0,0,0,0
"SLA191904230","CHA",7,0,0,0,0,9,3,"gandc101","R","leifl101","L","","","","99","T","F",3,6,2,"T","T",0,"F","F",1,0,"F","F",0,0,0,0,0
"SLA191904230","CHA",7,0,1,0,0,9,3,"risbs101","R","leifl101","L","","","","99","F","F",6,7,2,"T","T",0,"F","F",1,0,"F","F",0,0,0,0,0
"SLA191904230","CHA",7,0,2,0,0,9,3,"schar103","R","leifl101","L","","","","W","F","F",2,8,14,"T","F",0,"F","F",0,0,"F","F",0,1,0,0,0
"SLA191904230","CHA",7,0,2,0,0,9,3,"willl104","R","leifl101","L","schar103","","","SB2","F","F",1,9,4,"F","F",0,"F","F",0,0,"F","F",0,0,2,0,0
"SLA191904230","CHA",7,0,2,0,0,9,3,"willl104","R","leifl101","L","","schar103","","99","F","F",1,9,2,"T","T",0,"F","F",1,0,"F","F",0,0,0,2,0
"SLA191904230","CHA",7,1,0,0,0,9,3,"billj103","R","willl104","L","","","","K","T","F",2,8,3,"T","T",0,"F","F",1,0,"F","F",0,0,0,0,0
"SLA191904230","CHA",7,1,1,0,0,9,3,"jacow101","R","willl104","L","","","","9","F","T",11,9,2,"T","T",0,"F","F",1,0,"F","F",0,0,0,0,0
"SLA191904230","CHA",7,1,2,0,0,9,3,"tobij101","L","willl104","L","","","","T8","F","F",7,1,22,"T","T",3,"F","F",0,0,"F","F",0,3,0,0,0
"SLA191904230","CHA",7,1,2,0,0,9,3,"gedej101","R","willl104","L","","","tobij101","S5.3-H","F","F",4,2,20,"T","T",1,"F","F",0,1,"F","F",0,1,0,0,4
"SLA191904230","CHA",7,1,2,0,0,9,4,"sislg101","L","willl104","L","gedej101","","","S9/P9S.1-2","F","F",3,3,20,"T","T",1,"F","F",0,0,"F","F",0,1,2,0,0
"SLA191904230","CHA",7,1,2,0,0,9,4,"willk101","L","willl104","L","sislg101","gedej101","","W.2-3;1-2","F","F",8,4,14,"T","F",0,"F","F",0,0,"F","F",0,1,2,3,0
"SLA191904230","CHA",7,1,2,0,0,9,4,"seveh101","R","willl104","L","willk101","sislg101","gedej101","7/FL","F","T",11,5,2,"T","T",0,"F","F",1,0,"F","F",0,0,1,2,3
"SLA191904230","CHA",8,0,0,0,0,9,4,"leibn101","L","koobe101","L","","","","99","T","F",9,1,2,"T","T",0,"F","F",1,0,"F","F",0,0,0,0,0
"SLA191904230","CHA",8,0,1,0,0,9,4,"weavb101","R","koobe101","L","","","","S","F","F",5,2,20,"T","T",1,"F","F",0,0,"F","F",0,1,0,0,0
"SLA191904230","CHA",8,0,1,0,0,9,4,"colle101","L","koobe101","L","weavb101","","","W.1-2","F","F",4,3,14,"T","F",0,"F","F",0,0,"F","F",0,1,2,0,0
"SLA191904230","CHA",8,0,1,0,0,9,4,"jackj101","L","koobe101","L","colle101","weavb101","","99.2-3;1-2","F","F",7,4,2,"T","T",0,"F","F",1,0,"F","F",0,0,2,3,0
"SLA191904230","CHA",8,0,2,0,0,9,4,"felsh101","R","koobe101","L","","colle101","weavb101","SBH;SB3","F","F",8,5,4,"F","F",0,"F","F",0,0,"F","F",0,0,0,3,4
"SLA191904230","CHA",8,0,2,0,0,10,4,"felsh101","R","koobe101","L","","","colle101","99","F","F",8,5,2,"T","T",0,"F","F",1,0,"F","F",0,0,0,0,3
"SLA191904230","CHA",8,1,0,0,0,10,4,"bronh101","R","willl104","L","","","","99","T","F",5,6,2,"T","T",0,"F","F",1,0,"F","F",0,0,0,0,0
"SLA191904230","CHA",8,1,1,0,0,10,4,"gerbw101","R","willl104","L","","","","99","F","F",6,7,2,"T","T",0,"F","F",1,0,"F","F",0,0,0,0,0
"SLA191904230","CHA",8,1,2,0,0,10,4,"billj103","R","willl104","L","","","","99","F","F",2,8,2,"T","T",0,"F","F",1,0,"F","F",0,0,0,0,0
"SLA191904230","CHA",9,0,0,0,0,10,4,"gandc101","R","koobe101","L","","","","T","T","F",3,6,22,"T","T",3,"F","F",0,0,"F","F",0,3,0,0,0
"SLA191904230","CHA",9,0,0,0,0,10,4,"risbs101","R","koobe101","L","","","gandc101","S.3-H","F","F",6,7,20,"T","T",1,"F","F",0,1,"F","F",0,1,0,0,4
"SLA191904230","CHA",9,0,0,0,0,11,4,"schar103","R","koobe101","L","risbs101","","","99","F","F",2,8,2,"T","T",0,"F","F",1,0,"F","F",0,0,1,0,0
"SLA191904230","CHA",9,0,1,0,0,11,4,"willl104","R","koobe101","L","risbs101","","","T.1-H","F","F",1,9,22,"T","T",3,"F","F",0,1,"F","F",0,3,4,0,0
"SLA191904230","CHA",9,0,1,0,0,12,4,"leibn101","L","koobe101","L","","","willl104","99","F","F",9,1,2,"T","T",0,"F","F",1,0,"F","F",0,0,0,0,3
"SLA191904230","CHA",9,0,2,0,0,12,4,"weavb101","R","koobe101","L","","","willl104","S.3-H","F","F",5,2,20,"T","T",1,"F","F",0,1,"F","F",0,1,0,0,4
"SLA191904230","CHA",9,0,2,0,0,13,4,"colle101","L","koobe101","L","weavb101","","","PO1(13)","F","F",4,3,8,"F","F",0,"F","F",1,0,"F","F",0,0,0,0,0
"SLA191904230","CHA",9,1,0,0,0,13,4,"jacow101","R","willl104","L","","","","S","T","F",9,9,20,"T","T",1,"F","F",0,0,"F","F",0,1,0,0,0
"SLA191904230","CHA",9,1,0,0,0,13,4,"tobij101","L","willl104","L","jacow101","","","99(1)/FO","F","F",7,1,2,"T","T",0,"F","F",1,0,"F","F",0,1,0,0,0
"SLA191904230","CHA",9,1,1,0,0,13,4,"gedej101","R","willl104","L","tobij101","","","SB2","F","F",4,2,4,"F","F",0,"F","F",0,0,"F","F",0,0,2,0,0
"SLA191904230","CHA",9,1,1,0,0,13,4,"gedej101","R","willl104","L","","tobij101","","SB3","F","F",4,2,4,"F","F",0,"F","F",0,0,"F","F",0,0,0,3,0
"SLA191904230","CHA",9,1,1,0,0,13,4,"gedej101","R","willl104","L","","","tobij101","99","F","F",4,2,2,"T","T",0,"F","F",1,0,"F","F",0,0,0,0,3
"SLA191904230","CHA",9,1,2,0,0,13,4,"sislg101","L","willl104","L","","","tobij101","99","F","F",3,3,2,"T","T",0,"F","F",1,0,"F","F",0,0,0,0,3
"SLA191904260","CHA",1,0,0,0,0,0,0,"leibn101","L","daved101","R","","","","W","T","F",9,1,14,"T","F",0,"F","F",0,0,"F","F",0,1,0,0,0
"SLA191904260","CHA",1,0,0,0,0,0,0,"weavb101","L","daved101","R","leibn101","","","W.1-2","F","F",5,2,14,"T","F",0,"F","F",0,0,"F","F",0,1,2,0,0
"SLA191904260","CHA",1,0,0,0,0,0,0,"colle101","L","daved101","R","weavb101","leibn101","","1/BP","F","F",4,3,2,"T","T",0,"F","F",1,0,"F","F",0,0,1,2,0
"SLA191904260","CHA",1,0,1,0,0,0,0,"jackj101","L","daved101","R","weavb101","leibn101","","64(1)/FO.2-3","F","F",7,4,2,"T","T",0,"F","F",1,0,"F","F",0,1,0,3,0
"SLA191904260","CHA",1,0,2,0,0,0,0,"felsh101","R","daved101","R","jackj101","","leibn101","HP.1-2","F","F",8,5,16,"T","F",0,"F","F",0,0,"F","F",0,1,2,0,3
"SLA191904260","CHA",1,0,2,0,0,0,0,"gandc101","R","daved101","R","felsh101","jackj101","leibn101","D8.3-H;2-H;1-H;BX3(865)","F","F",3,6,21,"T","T",2,"F","F",1,3,"F","F",0,0,4,4,4
"SLA191904260","CHA",1,1,0,0,0,3,0,"tobij101","L","shelf101","R","","","","W","T","F",7,1,14,"T","F",0,"F","F",0,0,"F","F",0,1,0,0,0
"SLA191904260","CHA",1,1,0,0,0,3,0,"gedej101","R","shelf101","R","tobij101","","","S7.1-3;B-2(TH)","F","F",4,2,20,"T","T",1,"F","F",0,0,"F","F",0,2,3,0,0
"SLA191904260","CHA",1,1,0,0,0,3,0,"sislg101","L","shelf101","R","","gedej101","tobij101","7/SF.3-H","F","F",3,3,2,"T","F",0,"F","T",1,1,"F","F",0,0,0,2,4
"SLA191904260","CHA",1,1,1,0,0,3,1,"willk101","L","shelf101","R","","gedej101","","5/FL","F","F",8,4,2,"T","T",0,"F","F",1,0,"F","F",0,0,0,2,0
"SLA191904260","CHA",1,1,2,0,0,3,1,"demmr101","L","shelf101","R","","gedej101","","7","F","F",9,5,2,"T","T",0,"F","F",1,0,"F","F",0,0,0,2,0
"SLA191904260","CHA",2,0,0,0,0,3,1,"risbs101","R","daved101","R","","","","63","T","F",6,7,2,"T","T",0,"F","F",1,0,"F","F",0,0,0,0,0
"SLA191904260","CHA",2,0,1,0,0,3,1,"lynnb101","R","daved101","R","","","","K","F","F",2,8,3,"T","T",0,"F","F",1,0,"F","F",0,0,0,0,0
"SLA191904260","CHA",2,0,2,0,0,3,1,"shelf101","R","daved101","R","","","","K","F","F",1,9,3,"T","T",0,"F","F",1,0,"F","F",0,0,0,0,0
"SLA191904260","CHA",2,1,0,0,0,3,1,"bronh101","R","shelf101","R","","","","43","T","F",5,6,2,"T","T",0,"F","F",1,0,"F","F",0,0,0,0,0
"SLA191904260","CHA",2,1,1,0,0,3,1,"gerbw101","R","shelf101","R","","","","K","F","F",6,7,3,"T","T",0,"F","F",1,0,"F","F",0,0,0,0,0
"SLA191904260","CHA",2,1,2,0,0,3,1,"billj103","R","shelf101","R","","","","K","F","F",2,8,3,"T","T",0,"F","F",1,0,"F","F",0,0,0,0,0
"SLA191904260","CHA",3,0,0,0,0,3,1,"leibn101","L","daved101","R","","","","S5/BG","T","F",9,1,20,"T","T",1,"F","F",0,0,"F","F",0,1,0,0,0
"SLA191904260","CHA",3,0,0,0,0,3,1,"weavb101","L","daved101","R","leibn101","","","34/SH.1-2","F","F",5,2,2,"T","F",0,"T","F",1,0,"F","F",0,0,2,0,0
"SLA191904260","CHA",3,0,1,0,0,3,1,"colle101","L","daved101","R","","leibn101","","43.2-3","F","F",4,3,2,"T","T",0,"F","F",1,0,"F","F",0,0,0,3,0
"SLA191904260","CHA",3,0,2,0,0,3,1,"jackj101","L","daved101","R","","","leibn101","7/L","F","F",7,4,2,"T","T",0,"F","F",1,0,"F","F",0,0,0,0,3
"SLA191904260","CHA",3,1,0,0,0,3,1,"daved101","R","shelf101","R","","","","K/C","T","F",1,9,3,"T","T",0,"F","F",1,0,"F","F",0,0,0,0,0
"SLA191904260","CHA",3,1,1,0,0,3,1,"tobij101","L","shelf101","R","","","","W","F","F",7,1,14,"T","F",0,"F","F",0,0,"F","F",0,1,0,0,0
"SLA191904260","CHA",3,1,1,0,0,3,1,"gedej101","R","shelf101","R","tobij101","","","S3.1-3","F","F",4,2,20,"T","T",1,"F","F",0,0,"F","F",0,1,3,0,0
"SLA191904260","CHA",3,1,1,0,0,3,1,"sislg101","L","shelf101","R","gedej101","","tobij101","S9.3-H;1-2","F","F",3,3,20,"T","T",1,"F","F",0,1,"F","F",0,1,2,0,4
"SLA191904260","CHA",3,1,1,0,0,3,2,"willk101","L","shelf101","R","sislg101","gedej101","","S7.2-3;1-2","F","F",8,4,20,"T","T",1,"F","F",0,0,"F","F",0,1,2,3,0
"SLA191904260","CHA",3,1,1,0,0,3,2,"demmr101","L","faber101","R","willk101","sislg101","gedej101","32(3)/FO.2-3;1-2","F","F",9,5,2,"T","T",0,"F","F",1,0,"F","F",0,1,2,3,0
"SLA191904260","CHA",3,1,2,0,0,3,2,"bronh101","R","faber101","R","demmr101","willk101","sislg101","SBH;SB3;SB2","F","F",5,6,4,"F","F",0,"F","F",0,0,"F","F",0,0,2,3,4
"SLA191904260","CHA",3,1,2,0,0,3,3,"bronh101","R","faber101","R","","demmr101","willk101","S8.3-H;2XH(82)","F","F",5,6,20,"T","T",1,"F","F",1,1,"F","F",0,1,0,0,4
"SLA191904260","CHA",4,0,0,0,0,3,4,"felsh101","R","daved101","R","","","","63","T","F",8,5,2,"T","T",0,"F","F",1,0,"F","F",0,0,0,0,0
"SLA191904260","CHA",4,0,1,0,0,3,4,"gandc101","R","daved101","R","","","","S8","F","F",3,6,20,"T","T",1,"F","F",0,0,"F","F",0,1,0,0,0
"SLA191904260","CHA",4,0,1,0,0,3,4,"risbs101","R","daved101","R","gandc101","","","W.1-2","F","F",6,7,14,"T","F",0,"F","F",0,0,"F","F",0,1,2,0,0
"SLA191904260","CHA",4,0,1,0,0,3,4,"lynnb101","R","daved101","R","risbs101","gandc101","","13/SH.2-3;1-2","F","F",2,8,2,"T","F",0,"T","F",1,0,"F","F",0,0,2,3,0
"SLA191904260","CHA",4,0,2,0,0,3,4,"faber101","L","daved101","R","","risbs101","gandc101","63","F","F",1,9,2,"T","T",0,"F","F",1,0,"F","F",0,0,0,2,3
"SLA191904260","CHA",4,1,0,0,0,3,4,"gerbw101","R","faber101","R","","","","K","T","F",6,7,3,"T","T",0,"F","F",1,0,"F","F",0,0,0,0,0
"SLA191904260","CHA",4,1,1,0,0,3,4,"billj103","R","faber101","R","","","","K","F","F",2,8,3,"T","T",0,"F","F",1,0,"F","F",0,0,0,0,0
"SLA191904260","CHA",4,1,2,0,0,3,4,"daved101","R","faber101","R","","","","K/C","F","F",1,9,3,"T","T",0,"F","F",1,0,"F","F",0,0,0,0,0
"SLA191904260","CHA",5,0,0,0,0,3,4,"leibn101","L","daved101","R","","","","63","T","F",9,1,2,"T","T",0,"F","F",1,0,"F","F",0,0,0,0,0
"SLA191904260","CHA",5,0,1,0,0,3,4,"weavb101","L","daved101","R","","","","31","F","F",5,2,2,"T","T",0,"F","F",1,0,"F","F",0,0,0,0,0
"SLA191904260","CHA",5,0,2,0,0,3,4,"colle101","L","daved101","R","","","","S1","F","F",4,3,20,"T","T",1,"F","F",0,0,"F","F",0,1,0,0,0
"SLA191904260","CHA",5,0,2,0,0,3,4,"jackj101","L","daved101","R","colle101","","","S7.1-2","F","F",7,4,20,"T","T",1,"F","F",0,0,"F","F",0,1,2,0,0
"SLA191904260","CHA",5,0,2,0,0,3,4,"felsh101","R","daved101","R","jackj101","colle101","","8","F","F",8,5,2,"T","T",0,"F","F",1,0,"F","F",0,0,1,2,0
"SLA191904260","CHA",5,1,0,0,0,3,4,"tobij101","L","faber101","R","","","","D7","T","F",7,1,21,"T","T",2,"F","F",0,0,"F","F",0,2,0,0,0
"SLA191904260","CHA",5,1,0,0,0,3,4,"gedej101","R","faber101","R","","tobij101","","WP.2-3","F","F",4,2,9,"F","F",0,"F","F",0,0,"T","F",0,0,0,3,0
"SLA191904260","CHA",5,1,0,0,0,3,4,"gedej101","R","faber101","R","","","tobij101","W","F","F",4,2,14,"T","F",0,"F","F",0,0,"F","F",0,1,0,0,3
"SLA191904260","CHA",5,1,0,0,0,3,4,"sislg101","L","faber101","R","gedej101","","tobij101","6(B)3(1)/LDP","F","F",3,3,2,"T","T",0,"F","F",2,0,"F","F",0,0,0,0,3
"SLA191904260","CHA",5,1,2,0,0,3,4,"willk101","L","faber101","R","","","tobij101","9/L","F","F",8,4,2,"T","T",0,"F","F",1,0,"F","F",0,0,0,0,3
"SLA191904260","CHA",6,0,0,0,0,3,4,"gandc101","R","daved101","R","","","","D7","T","F",3,6,21,"T","T",2,"F","F",0,0,"F","F",0,2,0,0,0
"SLA191904260","CHA",6,0,0,0,0,3,4,"risbs101","R","daved101","R","","gandc101","","E3/BG/TH3.2-3;B-1","F","F",6,7,18,"T","T",0,"F","F",0,0,"F","F",1,1,0,3,0
"SLA191904260","CHA",6,0,0,0,0,3,4,"lynnb101","R","daved101","R","risbs101","","gandc101","S5.3-H(UR);1-2","F","F",2,8,20,"T","T",1,"F","F",0,1,"F","F",0,1,2,0,5
"SLA191904260","CHA",6,0,0,0,0,4,4,"faber101","L","daved101","R","lynnb101","risbs101","","24/SH.2-3;1-2","F","F",1,9,2,"T","F",0,"T","F",1,0,"F","F",0,0,2,3,0
"SLA191904260","CHA",6,0,1,0,0,4,4,"leibn101","L","daved101","R","","lynnb101","risbs101","S8.3-H(UR);2-3","F","F",9,1,20,"T","T",1,"F","F",0,1,"F","F",0,1,0,3,5
"SLA191904260","CHA",6,0,1,0,0,5,4,"weavb101","L","roget101","R","leibn101","","lynnb101","FC4.3XH(42);1-3;B-2","F","F",5,2,19,"T","T",0,"F","F",1,0,"F","F",0,2,3,0,0
"SLA191904260","CHA",6,0,2,0,0,5,4,"colle101","L","roget101","R","","weavb101","leibn101","S9.3-H;2-H(UR)","F","F",4,3,20,"T","T",1,"F","F",0,2,"F","F",0,1,0,5,4
"SLA191904260","CHA",6,0,2,0,0,7,4,"jackj101","L","roget101","R","colle101","","","SB2","F","F",7,4,4,"F","F",0,"F","F",0,0,"F","F",0,0,2,0,0
"SLA191904260","CHA",6,0,2,0,0,7,4,"jackj101","L","roget101","R","","colle101","","S1.2-3","F","F",7,4,20,"T","T",1,"F","F",0,0,"F","F",0,1,0,3,0
"SLA191904260","CHA",6,0,2,0,0,7,4,"felsh101","R","roget101","R","jackj101","","colle101","SBH(UR).1-3(E2)","F","F",8,5,4,"F","F",0,"F","F",0,0,"F","F",1,0,3,0,5
"SLA191904260","CHA",6,0,2,0,0,8,4,"felsh101","R","roget101","R","","","jackj101","D7.3-H(UR)","F","F",8,5,21,"T","T",2,"F","F",0,1,"F","F",0,2,0,0,5
"SLA191904260","CHA",6,0,2,0,0,9,4,"gandc101","R","koobe101","L","","felsh101","","6","F","F",3,6,2,"T","T",0,"F","F",1,0,"F","F",0,0,0,2,0
"SLA191904260","CHA",6,1,0,0,0,9,4,"demmr101","L","faber101","R","","","","3/G","T","F",9,5,2,"T","T",0,"F","F",1,0,"F","F",0,0,0,0,0
"SLA191904260","CHA",6,1,1,0,0,9,4,"bronh101","R","faber101","R","","","","7","F","F",5,6,2,"T","T",0,"F","F",1,0,"F","F",0,0,0,0,0
"SLA191904260","CHA",6,1,2,0,0,9,4,"gerbw101","R","faber101","R","","","","53","F","F",6,7,2,"T","T",0,"F","F",1,0,"F","F",0,0,0,0,0
"SLA191904260","CHA",7,0,0,0,0,9,4,"risbs101","R","koobe101","L","","","","E9/F.BX2(96)","T","F",6,7,18,"T","T",0,"F","F",1,0,"F","F",1,0,0,0,0
"SLA191904260","CHA",7,0,1,0,0,9,4,"lynnb101","R","koobe101","L","","","","D7","F","F",2,8,21,"T","T",2,"F","F",0,0,"F","F",0,2,0,0,0
"SLA191904260","CHA",7,0,1,0,0,9,4,"faber101","R","koobe101","L","","lynnb101","","43.2-3","F","F",1,9,2,"T","T",0,"F","F",1,0,"F","F",0,0,0,3,0
"SLA191904260","CHA",7,0,2,0,0,9,4,"leibn101","L","koobe101","L","","","lynnb101","4","F","F",9,1,2,"T","T",0,"F","F",1,0,"F","F",0,0,0,0,3
"SLA191904260","CHA",7,1,0,0,0,9,4,"jacow101","R","faber101","R","","","","7","T","T",11,8,2,"T","T",0,"F","F",1,0,"F","F",0,0,0,0,0
"SLA191904260","CHA",7,1,1,0,0,9,4,"smite107","L","faber101","R","","","","S8","F","T",11,9,20,"T","T",1,"F","F",0,0,"F","F",0,1,0,0,0
"SLA191904260","CHA",7,1,1,0,0,9,4,"tobij101","L","faber101","R","smite107","","","W.1-2","F","F",7,1,14,"T","F",0,"F","F",0,0,"F","F",0,1,2,0,0
"SLA191904260","CHA",7,1,1,0,0,9,4,"gedej101","R","faber101","R","tobij101","smite107","","6(B)4(2)/LDP","F","F",4,2,2,"T","T",0,"F","F",2,0,"F","F",0,0,1,0,0
"SLA191904260","CHA",8,0,0,0,0,9,4,"weavb101","L","lowdg101","R","","","","99","T","F",5,2,2,"T","T",0,"F","F",1,0,"F","F",0,0,0,0,0
"SLA191904260","CHA",8,0,1,0,0,9,4,"colle101","L","lowdg101","R","","","","W","F","F",4,3,14,"T","F",0,"F","F",0,0,"F","F",0,1,0,0,0
"SLA191904260","CHA",8,0,1,0,0,9,4,"jackj101","L","lowdg101","R","colle101","","","SB2","F","F",7,4,4,"F","F",0,"F","F",0,0,"F","F",0,0,2,0,0
"SLA191904260","CHA",8,0,1,0,0,9,4,"jackj101","L","lowdg101","R","","colle101","","99","F","F",7,4,2,"T","T",0,"F","F",1,0,"F","F",0,0,0,2,0
"SLA191904260","CHA",8,0,2,0,0,9,4,"felsh101","R","lowdg101","R","","colle101","","K","F","F",8,5,3,"T","T",0,"F","F",1,0,"F","F",0,0,0,2,0
"SLA191904260","CHA",8,1,0,0,0,9,4,"sislg101","L","faber101","R","","","","99","T","F",3,3,2,"T","T",0,"F","F",1,0,"F","F",0,0,0,0,0
"SLA191904260","CHA",8,1,1,0,0,9,4,"willk101","L","faber101","R","","","","D","F","F",8,4,21,"T","T",2,"F","F",0,0,"F","F",0,2,0,0,0
"SLA191904260","CHA",8,1,1,0,0,9,4,"demmr101","L","faber101","R","","willk101","","99","F","F",9,5,2,"T","T",0,"F","F",1,0,"F","F",0,0,0,2,0
"SLA191904260","CHA",8,1,2,0,0,9,4,"bronh101","R","faber101","R","","willk101","","K","F","F",5,6,3,"T","T",0,"F","F",1,0,"F","F",0,0,0,2,0
"SLA191904260","CHA",9,0,0,0,0,9,4,"gandc101","R","lowdg101","R","","","","S","T","F",3,6,20,"T","T",1,"F","F",0,0,"F","F",0,1,0,0,0
"SLA191904260","CHA",9,0,0,0,0,9,4,"risbs101","R","lowdg101","R","gandc101","","","99","F","F",6,7,2,"T","T",0,"F","F",1,0,"F","F",0,0,1,0,0
"SLA191904260","CHA",9,0,1,0,0,9,4,"lynnb101","R","lowdg101","R","gandc101","","","99","F","F",2,8,2,"T","T",0,"F","F",1,0,"F","F",0,0,1,0,0
"SLA191904260","CHA",9,0,2,0,0,9,4,"faber101","L","lowdg101","R","gandc101","","","K","F","F",1,9,3,"T","T",0,"F","F",1,0,"F","F",0,0,1,0,0
"SLA191904260","CHA",9,1,0,0,0,9,4,"gerbw101","R","faber101","R","","","","W","T","F",6,7,14,"T","F",0,"F","F",0,0,"F","F",0,1,0,0,0
"SLA191904260","CHA",9,1,0,0,0,9,4,"seveh101","R","faber101","R","gerbw101","","","99","F","T",11,8,2,"T","T",0,"F","F",1,0,"F","F",0,0,1,0,0
"SLA191904260","CHA",9,1,1,0,0,9,4,"austj101","L","faber101","R","gerbw101","","","99","F","T",11,9,2,"T","T",0,"F","F",1,0,"F","F",0,0,1,0,0
"SLA191904260","CHA",9,1,2,0,0,9,4,"tobij101","L","faber101","R","gerbw101","","","W.1-2","F","F",7,1,14,"T","F",0,"F","F",0,0,"F","F",0,1,2,0,0
"SLA191904260","CHA",9,1,2,0,0,9,4,"gedej101","R","faber101","R","tobij101","gerbw101","","99","F","F",4,2,2,"T","T",0,"F","F",1,0,"F","F",0,0,1,2,0
"SLA191904300","CLE",1,0,0,0,0,0,0,"granj104","L","weilc101","L","","","","K","T","F",7,1,3,"T","T",0,"F","F",1,0,"F","F",0,0,0,0,0
"SLA191904300","CLE",1,0,1,0,0,0,0,"chapr101","R","weilc101","L","","","","S7","F","F",6,2,20,"T","T",1,"F","F",0,0,"F","F",0,1,0,0,0
"SLA191904300","CLE",1,0,1,0,0,0,0,"speat101","L","weilc101","L","chapr101","","","D7.1-3","F","F",8,3,21,"T","T",2,"F","F",0,0,"F","F",0,2,3,0,0
"SLA191904300","CLE",1,0,1,0,0,0,0,"woodj108","R","weilc101","L","","speat101","chapr101","8/SF.3-H","F","F",9,4,2,"T","F",0,"F","T",1,1,"F","F",0,0,0,2,4
"SLA191904300","CLE",1,0,2,0,0,1,0,"gardl101","L","weilc101","L","","speat101","","6","F","F",5,5,2,"T","T",0,"F","F",1,0,"F","F",0,0,0,2,0
"SLA191904300","CLE",1,1,0,0,0,1,0,"tobij101","L","uhleg101","R","","","","D7","T","F",7,1,21,"T","T",2,"F","F",0,0,"F","F",0,2,0,0,0
"SLA191904300","CLE",1,1,0,0,0,1,0,"gedej101","R","uhleg101","R","","tobij101","","13/SH.2-3","F","F",4,2,2,"T","F",0,"T","F",1,0,"F","F",0,0,0,3,0
"SLA191904300","CLE",1,1,1,0,0,1,0,"sislg101","L","uhleg101","R","","","tobij101","43","F","F",3,3,2,"T","T",0,"F","F",1,0,"F","F",0,0,0,0,3
"SLA191904300","CLE",1,1,2,0,0,1,0,"willk101","L","uhleg101","R","","","tobij101","7","F","F",8,4,2,"T","T",0,"F","F",1,0,"F","F",0,0,0,0,3
"SLA191904300","CLE",2,0,0,0,0,1,0,"wambb101","R","weilc101","L","","","","S8","T","F",4,6,20,"T","T",1,"F","F",0,0,"F","F",0,1,0,0,0
"SLA191904300","CLE",2,0,0,0,0,1,0,"johnd107","L","weilc101","L","wambb101","","","14/SH.1-2","F","F",3,7,2,"T","F",0,"T","F",1,0,"F","F",0,0,2,0,0
"SLA191904300","CLE",2,0,1,0,0,1,0,"oneis101","R","weilc101","L","","wambb101","","S8.2-H;B-2(TH)","F","F",2,8,20,"T","T",1,"F","F",0,1,"F","F",0,2,0,4,0
"SLA191904300","CLE",2,0,1,0,0,2,0,"uhleg101","R","weilc101","L","","oneis101","","8","F","F",1,9,2,"T","T",0,"F","F",1,0,"F","F",0,0,0,2,0
"SLA191904300","CLE",2,0,2,0,0,2,0,"granj104","L","weilc101","L","","oneis101","","D9.2-H","F","F",7,1,21,"T","T",2,"F","F",0,1,"F","F",0,2,0,4,0
"SLA191904300","CLE",2,0,2,0,0,3,0,"chapr101","R","weilc101","L","","granj104","","S9.2-H","F","F",6,2,20,"T","T",1,"F","F",0,1,"F","F",0,1,0,4,0
"SLA191904300","CLE",2,0,2,0,0,4,0,"speat101","L","lowdg101","R","chapr101","","","7","F","F",8,3,2,"T","T",0,"F","F",1,0,"F","F",0,0,1,0,0
"SLA191904300","CLE",2,1,0,0,0,4,0,"demmr101","L","uhleg101","R","","","","S8","T","F",9,5,20,"T","T",1,"F","F",0,0,"F","F",0,1,0,0,0
"SLA191904300","CLE",2,1,0,0,0,4,0,"bronh101","R","uhleg101","R","demmr101","","","64(1)/FO.BX1(4E3)","F","F",5,6,2,"T","T",0,"F","F",1,0,"F","F",1,1,0,0,0
"SLA191904300","CLE",2,1,1,0,0,4,0,"gerbw101","R","uhleg101","R","bronh101","","","14(1)/FO","F","F",6,7,2,"T","T",0,"F","F",1,0,"F","F",0,1,0,0,0
"SLA191904300","CLE",2,1,2,0,0,4,0,"seveh101","R","uhleg101","R","gerbw101","","","16(1)/FO","F","F",2,8,2,"T","T",0,"F","F",1,0,"F","F",0,1,0,0,0
"SLA191904300","CLE",3,0,0,0,0,4,0,"woodj108","R","lowdg101","R","","","","HP","T","F",9,4,16,"T","F",0,"F","F",0,0,"F","F",0,1,0,0,0
"SLA191904300","CLE",3,0,0,0,0,4,0,"gardl101","L","lowdg101","R","woodj108","","","8/L","F","F",5,5,2,"T","T",0,"F","F",1,0,"F","F",0,0,1,0,0
"SLA191904300","CLE",3,0,1,0,0,4,0,"wambb101","R","lowdg101","R","woodj108","","","S8.1-2","F","F",4,6,20,"T","T",1,"F","F",0,0,"F","F",0,1,2,0,0
"SLA191904300","CLE",3,0,1,0,0,4,0,"johnd107","L","lowdg101","R","wambb101","woodj108","","8","F","F",3,7,2,"T","T",0,"F","F",1,0,"F","F",0,0,1,2,0
"SLA191904300","CLE",3,0,2,0,0,4,0,"oneis101","R","lowdg101","R","wambb101","woodj108","","63","F","F",2,8,2,"T","T",0,"F","F",1,0,"F","F",0,0,1,2,0
"SLA191904300","CLE",3,1,0,0,0,4,0,"lowdg101","R","uhleg101","R","","","","4/P","T","F",1,9,2,"T","T",0,"F","F",1,0,"F","F",0,0,0,0,0
"SLA191904300","CLE",3,1,1,0,0,4,0,"tobij101","L","uhleg101","R","","","","13/BG","F","F",7,1,2,"T","T",0,"F","F",1,0,"F","F",0,0,0,0,0
"SLA191904300","CLE",3,1,2,0,0,4,0,"gedej101","R","uhleg101","R","","","","W","F","F",4,2,14,"T","F",0,"F","F",0,0,"F","F",0,1,0,0,0
"SLA191904300","CLE",3,1,2,0,0,4,0,"sislg101","L","uhleg101","R","gedej101","","","64(1)/FO","F","F",3,3,2,"T","T",0,"F","F",1,0,"F","F",0,1,0,0,0
"SLA191904300","CLE",4,0,0,0,0,4,0,"uhleg101","R","lowdg101","R","","","","K","T","F",1,9,3,"T","T",0,"F","F",1,0,"F","F",0,0,0,0,0
"SLA191904300","CLE",4,0,1,0,0,4,0,"granj104","L","lowdg101","R","","","","W","F","F",7,1,14,"T","F",0,"F","F",0,0,"F","F",0,1,0,0,0
"SLA191904300","CLE",4,0,1,0,0,4,0,"chapr101","R","lowdg101","R","granj104","","","K","F","F",6,2,3,"T","T",0,"F","F",1,0,"F","F",0,0,1,0,0
"SLA191904300","CLE",4,0,2,0,0,4,0,"speat101","L","lowdg101","R","granj104","","","5/P","F","F",8,3,2,"T","T",0,"F","F",1,0,"F","F",0,0,1,0,0
"SLA191904300","CLE",4,1,0,0,0,4,0,"willk101","L","uhleg101","R","","","","S9","T","F",8,4,20,"T","T",1,"F","F",0,0,"F","F",0,1,0,0,0
"SLA191904300","CLE",4,1,0,0,0,4,0,"demmr101","L","uhleg101","R","willk101","","","K","F","F",9,5,3,"T","T",0,"F","F",1,0,"F","F",0,0,1,0,0
"SLA191904300","CLE",4,1,1,0,0,4,0,"bronh101","R","uhleg101","R","willk101","","","9","F","F",5,6,2,"T","T",0,"F","F",1,0,"F","F",0,0,1,0,0
"SLA191904300","CLE",4,1,2,0,0,4,0,"gerbw101","R","uhleg101","R","willk101","","","W.1-2","F","F",6,7,14,"T","F",0,"F","F",0,0,"F","F",0,1,2,0,0
"SLA191904300","CLE",4,1,2,0,0,4,0,"seveh101","R","uhleg101","R","gerbw101","willk101","","S7.2-3;1-2","F","F",2,8,20,"T","T",1,"F","F",0,0,"F","F",0,1,2,3,0
"SLA191904300","CLE",4,1,2,0,0,4,0,"jacow101","R","uhleg101","R","seveh101","gerbw101","willk101","K","F","T",11,9,3,"T","T",0,"F","F",1,0,"F","F",0,0,1,2,3
"SLA191904300","CLE",5,0,0,0,0,4,0,"woodj108","R","koobe101","L","","","","D7","T","F",9,4,21,"T","T",2,"F","F",0,0,"F","F",0,2,0,0,0
"SLA191904300","CLE",5,0,0,0,0,4,0,"gardl101","L","koobe101","L","","woodj108","","PO2(16)","F","F",5,5,8,"F","F",0,"F","F",1,0,"F","F",0,0,0,0,0
"SLA191904300","CLE",5,0,1,0,0,4,0,"gardl101","L","koobe101","L","","","","8","F","F",5,5,2,"T","T",0,"F","F",1,0,"F","F",0,0,0,0,0
"SLA191904300","CLE",5,0,2,0,0,4,0,"wambb101","R","koobe101","L","","","","S/BG","F","F",4,6,20,"T","T",1,"F","F",0,0,"F","F",0,1,0,0,0
"SLA191904300","CLE",5,0,2,0,0,4,0,"johnd107","L","koobe101","L","wambb101","","","43","F","F",3,7,2,"T","T",0,"F","F",1,0,"F","F",0,0,1,0,0
"SLA191904300","CLE",5,1,0,0,0,4,0,"tobij101","L","uhleg101","R","","","","T7","T","F",7,1,22,"T","T",3,"F","F",0,0,"F","F",0,3,0,0,0
"SLA191904300","CLE",5,1,0,0,0,4,0,"gedej101","R","uhleg101","R","","","tobij101","3/FL","F","F",4,2,2,"T","T",0,"F","F",1,0,"F","F",0,0,0,0,3
"SLA191904300","CLE",5,1,1,0,0,4,0,"sislg101","L","uhleg101","R","","","tobij101","43.3-H","F","F",3,3,2,"T","T",0,"F","F",1,1,"F","F",0,0,0,0,4
"SLA191904300","CLE",5,1,2,0,0,4,1,"willk101","L","uhleg101","R","","","","S8","F","F",8,4,20,"T","T",1,"F","F",0,0,"F","F",0,1,0,0,0
"SLA191904300","CLE",5,1,2,0,0,4,1,"demmr101","L","uhleg101","R","willk101","","","S8.1-2#","F","F",9,5,20,"T","T",1,"F","F",0,0,"F","F",0,1,2,0,0
"SLA191904300","CLE",5,1,2,0,0,4,1,"bronh101","R","uhleg101","R","demmr101","willk101","","8","F","F",5,6,2,"T","T",0,"F","F",1,0,"F","F",0,0,1,2,0
"SLA191904300","CLE",6,0,0,0,0,4,1,"oneis101","R","koobe101","L","","","","53","T","F",2,8,2,"T","T",0,"F","F",1,0,"F","F",0,0,0,0,0
"SLA191904300","CLE",6,0,1,0,0,4,1,"uhleg101","R","koobe101","L","","","","8/8D","F","F",1,9,2,"T","T",0,"F","F",1,0,"F","F",0,0,0,0,0
"SLA191904300","CLE",6,0,2,0,0,4,1,"granj104","L","koobe101","L","","","","K","F","F",7,1,3,"T","T",0,"F","F",1,0,"F","F",0,0,0,0,0
"SLA191904300","CLE",6,1,0,0,0,4,1,"gerbw101","R","uhleg101","R","","","","D8","T","F",6,7,21,"T","T",2,"F","F",0,0,"F","F",0,2,0,0,0
"SLA191904300","CLE",6,1,0,0,0,4,1,"seveh101","R","uhleg101","R","","gerbw101","","7","F","F",2,8,2,"T","T",0,"F","F",1,0,"F","F",0,0,0,2,0
"SLA191904300","CLE",6,1,1,0,0,4,1,"koobe101","L","uhleg101","R","","gerbw101","","K","F","F",1,9,3,"T","T",0,"F","F",1,0,"F","F",0,0,0,2,0
"SLA191904300","CLE",6,1,2,0,0,4,1,"tobij101","L","uhleg101","R","","gerbw101","","W","F","F",7,1,14,"T","F",0,"F","F",0,0,"F","F",0,1,0,2,0
"SLA191904300","CLE",6,1,2,0,0,4,1,"gedej101","R","uhleg101","R","tobij101","gerbw101","","9","F","F",4,2,2,"T","T",0,"F","F",1,0,"F","F",0,0,1,2,0
"SLA191904300","CLE",7,0,0,0,0,4,1,"chapr101","R","koobe101","L","","","","63","T","F",6,2,2,"T","T",0,"F","F",1,0,"F","F",0,0,0,0,0
"SLA191904300","CLE",7,0,1,0,0,4,1,"speat101","L","koobe101","L","","","","9","F","F",8,3,2,"T","T",0,"F","F",1,0,"F","F",0,0,0,0,0
"SLA191904300","CLE",7,0,2,0,0,4,1,"woodj108","R","koobe101","L","","","","7/7D","F","F",9,4,2,"T","T",0,"F","F",1,0,"F","F",0,0,0,0,0
"SLA191904300","CLE",7,1,0,0,0,4,1,"sislg101","L","uhleg101","R","","","","6/P","T","F",3,3,2,"T","T",0,"F","F",1,0,"F","F",0,0,0,0,0
"SLA191904300","CLE",7,1,1,0,0,4,1,"willk101","L","uhleg101","R","","","","W","F","F",8,4,14,"T","F",0,"F","F",0,0,"F","F",0,1,0,0,0
"SLA191904300","CLE",7,1,1,0,0,4,1,"demmr101","L","uhleg101","R","willk101","","","W.1-2","F","F",9,5,14,"T","F",0,"F","F",0,0,"F","F",0,1,2,0,0
"SLA191904300","CLE",7,1,1,0,0,4,1,"mayew101","R","coumf101","L","demmr101","willk101","","K","F","T",11,6,3,"T","T",0,"F","F",1,0,"F","F",0,0,1,2,0
"SLA191904300","CLE",7,1,2,0,0,4,1,"gerbw101","R","coumf101","L","demmr101","willk101","","S7.2-H;1-3","F","F",6,7,20,"T","T",1,"F","F",0,1,"F","F",0,1,3,4,0
"SLA191904300","CLE",7,1,2,0,0,4,2,"seveh101","R","coumf101","L","gerbw101","","demmr101","9","F","F",2,8,2,"T","T",0,"F","F",1,0,"F","F",0,0,1,0,3
"SLA191904300","CLE",8,0,0,0,0,4,2,"gardl101","L","koobe101","L","","","","S8","T","F",5,5,20,"T","T",1,"F","F",0,0,"F","F",0,1,0,0,0
"SLA191904300","CLE",8,0,0,0,0,4,2,"wambb101","R","koobe101","L","gardl101","","","K+CS2(24)/DP","F","F",4,6,3,"T","T",0,"F","F",2,0,"F","F",0,0,0,0,0
"SLA191904300","CLE",8,0,2,0,0,4,2,"johnd107","L","koobe101","L","","","","7","F","F",3,7,2,"T","T",0,"F","F",1,0,"F","F",0,0,0,0,0
"SLA191904300","CLE",8,1,0,0,0,4,2,"billj103","R","coumf101","L","","","","53","T","T",11,9,2,"T","T",0,"F","F",1,0,"F","F",0,0,0,0,0
"SLA191904300","CLE",8,1,1,0,0,4,2,"tobij101","L","coumf101","L","","","","6/FL","F","F",7,1,2,"T","T",0,"F","F",1,0,"F","F",0,0,0,0,0
"SLA191904300","CLE",8,1,2,0,0,4,2,"gedej101","R","coumf101","L","","","","W","F","F",4,2,14,"T","F",0,"F","F",0,0,"F","F",0,1,0,0,0
"SLA191904300","CLE",8,1,2,0,0,4,2,"sislg101","L","coumf101","L","gedej101","","","K","F","F",3,3,3,"T","T",0,"F","F",1,0,"F","F",0,0,1,0,0
"SLA191904300","CLE",9,0,0,0,0,4,2,"oneis101","R","leifl101","L","","","","T8","T","F",2,8,22,"T","T",3,"F","F",0,0,"F","F",0,3,0,0,0
"SLA191904300","CLE",9,0,0,0,0,4,2,"coumf101","L","leifl101","L","","","oneis101","8","F","F",1,9,2,"T","T",0,"F","F",1,0,"F","F",0,0,0,0,3
"SLA191904300","CLE",9,0,1,0,0,4,2,"granj104","L","leifl101","L","","","oneis101","W","F","F",7,1,14,"T","F",0,"F","F",0,0,"F","F",0,1,0,0,3
"SLA191904300","CLE",9,0,1,0,0,4,2,"chapr101","R","leifl101","L","granj104","","oneis101","PO1(13)","F","F",6,2,8,"F","F",0,"F","F",1,0,"F","F",0,0,0,0,3
"SLA191904300","CLE",9,0,2,0,0,4,2,"chapr101","R","leifl101","L","","","oneis101","7","F","F",6,2,2,"T","T",0,"F","F",1,0,"F","F",0,0,0,0,3
"SLA191904300","CLE",9,1,0,0,0,4,2,"willk101","L","coumf101","L","","","","43","T","F",8,4,2,"T","T",0,"F","F",1,0,"F","F",0,0,0,0,0
"SLA191904300","CLE",9,1,1,0,0,4,2,"demmr101","L","coumf101","L","","","","8","F","F",9,5,2,"T","T",0,"F","F",1,0,"F","F",0,0,0,0,0
"SLA191904300","CLE",9,1,2,0,0,4,2,"austj101","R","coumf101","L","","","","9","F","F",5,6,2,"T","T",0,"F","F",1,0,"F","F",0,0,0,0,0
"SLA191905210","WS1",1,0,0,0,0,0,0,"menom101","L","shocu101","R","","","","63","T","F",8,1,2,"T","T",0,"F","F",1,0,"F","F",0,0,0,0,0
"SLA191905210","WS1",1,0,1,0,0,0,0,"foste103","R","shocu101","R","","","","S/89","F","F",5,2,20,"T","T",1,"F","F",0,0,"F","F",0,1,0,0,0
"SLA191905210","WS1",1,0,1,0,0,0,0,"judgj101","L","shocu101","R","foste103","","","K","F","F",3,3,3,"T","T",0,"F","F",1,0,"F","F",0,0,1,0,0
"SLA191905210","WS1",1,0,2,0,0,0,0,"rices101","L","shocu101","R","foste103","","","9/9D","F","F",9,4,2,"T","T",0,"F","F",1,0,"F","F",0,0,1,0,0
"SLA191905210","WS1",1,1,0,0,0,0,0,"austj101","L","shawj101","R","","","","W","T","F",5,1,14,"T","F",0,"F","F",0,0,"F","F",0,1,0,0,0
"SLA191905210","WS1",1,1,0,0,0,0,0,"gedej101","R","shawj101","R","austj101","","","13/SH.1-2","F","F",4,2,2,"T","F",0,"T","F",1,0,"F","F",0,0,2,0,0
"SLA191905210","WS1",1,1,1,0,0,0,0,"tobij101","L","shawj101","R","","austj101","","63","F","F",7,3,2,"T","T",0,"F","F",1,0,"F","F",0,0,0,2,0
"SLA191905210","WS1",1,1,2,0,0,0,0,"sislg101","L","shawj101","R","","austj101","","8","F","F",3,4,2,"T","T",0,"F","F",1,0,"F","F",0,0,0,2,0
"SLA191905210","WS1",2,0,0,0,0,0,0,"gharp101","R","shocu101","R","","","","K","T","F",7,5,3,"T","T",0,"F","F",1,0,"F","F",0,0,0,0,0
"SLA191905210","WS1",2,0,1,0,0,0,0,"shanh101","R","shocu101","R","","","","S5","F","F",6,6,20,"T","T",1,"F","F",0,0,"F","F",0,1,0,0,0
"SLA191905210","WS1",2,0,1,0,0,0,0,"leonj101","L","shocu101","R","shanh101","","","K","F","F",4,7,3,"T","T",0,"F","F",1,0,"F","F",0,0,1,0,0
"SLA191905210","WS1",2,0,2,0,0,0,0,"piciv101","R","shocu101","R","shanh101","","","SB2","F","F",2,8,4,"F","F",0,"F","F",0,0,"F","F",0,0,2,0,0
"SLA191905210","WS1",2,0,2,0,0,0,0,"piciv101","R","shocu101","R","","shanh101","","S6.2-3","F","F",2,8,20,"T","T",1,"F","F",0,0,"F","F",0,1,0,3,0
"SLA191905210","WS1",2,0,2,0,0,0,0,"shawj101","R","shocu101","R","piciv101","","shanh101","6(1)/FO#","F","F",1,9,2,"T","T",0,"F","F",1,0,"F","F",0,1,0,0,3
"SLA191905210","WS1",2,1,0,0,0,0,0,"jacow101","R","shawj101","R","","","","K","T","F",8,5,3,"T","T",0,"F","F",1,0,"F","F",0,0,0,0,0
"SLA191905210","WS1",2,1,1,0,0,0,0,"sloat101","L","shawj101","R","","","","K","F","F",9,6,3,"T","T",0,"F","F",1,0,"F","F",0,0,0,0,0
"SLA191905210","WS1",2,1,2,0,0,0,0,"gerbw101","R","shawj101","R","","","","8","F","F",6,7,2,"T","T",0,"F","F",1,0,"F","F",0,0,0,0,0
"SLA191905210","WS1",3,0,0,0,0,0,0,"menom101","L","shocu101","R","","","","3/P","T","F",8,1,2,"T","T",0,"F","F",1,0,"F","F",0,0,0,0,0
"SLA191905210","WS1",3,0,1,0,0,0,0,"foste103","R","shocu101","R","","","","63","F","F",5,2,2,"T","T",0,"F","F",1,0,"F","F",0,0,0,0,0
"SLA191905210","WS1",3,0,2,0,0,0,0,"judgj101","L","shocu101","R","","","","S7","F","F",3,3,20,"T","T",1,"F","F",0,0,"F","F",0,1,0,0,0
"SLA191905210","WS1",3,0,2,0,0,0,0,"rices101","L","shocu101","R","judgj101","","","E7.1XH(752)#","F","F",9,4,18,"T","T",0,"F","F",1,0,"F","F",1,1,0,0,0
"SLA191905210","WS1",3,1,0,0,0,0,0,"billj103","R","shawj101","R","","","","43","T","F",2,8,2,"T","T",0,"F","F",1,0,"F","F",0,0,0,0,0
"SLA191905210","WS1",3,1,1,0,0,0,0,"shocu101","R","shawj101","R","","","","K/C","F","F",1,9,3,"T","T",0,"F","F",1,0,"F","F",0,0,0,0,0
"SLA191905210","WS1",3,1,2,0,0,0,0,"austj101","L","shawj101","R","","","","63","F","F",5,1,2,"T","T",0,"F","F",1,0,"F","F",0,0,0,0,0
"SLA191905210","WS1",4,0,0,0,0,0,0,"gharp101","R","shocu101","R","","","","5/P","T","F",7,5,2,"T","T",0,"F","F",1,0,"F","F",0,0,0,0,0
"SLA191905210","WS1",4,0,1,0,0,0,0,"shanh101","R","shocu101","R","","","","S8","F","F",6,6,20,"T","T",1,"F","F",0,0,"F","F",0,1,0,0,0
"SLA191905210","WS1",4,0,1,0,0,0,0,"leonj101","L","shocu101","R","shanh101","","","K","F","F",4,7,3,"T","T",0,"F","F",1,0,"F","F",0,0,1,0,0
"SLA191905210","WS1",4,0,2,0,0,0,0,"piciv101","R","shocu101","R","shanh101","","","5/P","F","F",2,8,2,"T","T",0,"F","F",1,0,"F","F",0,0,1,0,0
"SLA191905210","WS1",4,1,0,0,0,0,0,"gedej101","R","shawj101","R","","","","W","T","F",4,2,14,"T","F",0,"F","F",0,0,"F","F",0,1,0,0,0
"SLA191905210","WS1",4,1,0,0,0,0,0,"tobij101","L","shawj101","R","gedej101","","","S/BG.1-2","F","F",7,3,20,"T","T",1,"F","F",0,0,"F","F",0,1,2,0,0
"SLA191905210","WS1",4,1,0,0,0,0,0,"sislg101","L","shawj101","R","tobij101","gedej101","","53/SH.2-3;1-2","F","F",3,4,2,"T","F",0,"T","F",1,0,"F","F",0,0,2,3,0
"SLA191905210","WS1",4,1,1,0,0,0,0,"jacow101","R","shawj101","R","","tobij101","gedej101","FC6.3XH(62);2-3#","F","F",8,5,19,"T","T",0,"F","F",1,0,"F","F",0,1,0,3,0
"SLA191905210","WS1",4,1,2,0,0,0,0,"sloat101","L","shawj101","R","jacow101","","tobij101","63","F","F",9,6,2,"T","T",0,"F","F",1,0,"F","F",0,0,1,0,3
"SLA191905210","WS1",5,0,0,0,0,0,0,"shawj101","R","shocu101","R","","","","63","T","F",1,9,2,"T","T",0,"F","F",1,0,"F","F",0,0,0,0,0
"SLA191905210","WS1",5,0,1,0,0,0,0,"menom101","L","shocu101","R","","","","63","F","F",8,1,2,"T","T",0,"F","F",1,0,"F","F",0,0,0,0,0
"SLA191905210","WS1",5,0,2,0,0,0,0,"foste103","R","shocu101","R","","","","5E3","F","F",5,2,2,"T","T",0,"F","F",0,0,"F","F",1,1,0,0,0
"SLA191905210","WS1",5,0,2,0,0,0,0,"judgj101","L","shocu101","R","foste103","","","CS2(26)#","F","F",3,3,6,"F","F",0,"F","F",1,0,"F","F",0,0,0,0,0
"SLA191905210","WS1",5,1,0,0,0,0,0,"gerbw101","R","shawj101","R","","","","63","T","F",6,7,2,"T","T",0,"F","F",1,0,"F","F",0,0,0,0,0
"SLA191905210","WS1",5,1,1,0,0,0,0,"billj103","R","shawj101","R","","","","K","F","F",2,8,3,"T","T",0,"F","F",1,0,"F","F",0,0,0,0,0
"SLA191905210","WS1",5,1,2,0,0,0,0,"shocu101","R","shawj101","R","","","","9/9D","F","F",1,9,2,"T","T",0,"F","F",1,0,"F","F",0,0,0,0,0
"SLA191905210","WS1",6,0,0,0,0,0,0,"judgj101","L","shocu101","R","","","","43","T","F",3,3,2,"T","T",0,"F","F",1,0,"F","F",0,0,0,0,0
"SLA191905210","WS1",6,0,1,0,0,0,0,"rices101","L","shocu101","R","","","","13","F","F",9,4,2,"T","T",0,"F","F",1,0,"F","F",0,0,0,0,0
"SLA191905210","WS1",6,0,2,0,0,0,0,"gharp101","R","shocu101","R","","","","63","F","F",7,5,2,"T","T",0,"F","F",1,0,"F","F",0,0,0,0,0
"SLA191905210","WS1",6,1,0,0,0,0,0,"austj101","L","shawj101","R","","","","S8","T","F",5,1,20,"T","T",1,"F","F",0,0,"F","F",0,1,0,0,0
"SLA191905210","WS1",6,1,0,0,0,0,0,"gedej101","R","shawj101","R","austj101","","","99/SH.1-2#","F","F",4,2,2,"T","F",0,"T","F",1,0,"F","F",0,0,2,0,0
"SLA191905210","WS1",6,1,1,0,0,0,0,"tobij101","L","shawj101","R","","austj101","","6/P","F","F",7,3,2,"T","T",0,"F","F",1,0,"F","F",0,0,0,2,0
"SLA191905210","WS1",6,1,2,0,0,0,0,"sislg101","L","shawj101","R","","austj101","","HP","F","F",3,4,16,"T","F",0,"F","F",0,0,"F","F",0,1,0,2,0
"SLA191905210","WS1",6,1,2,0,0,0,0,"jacow101","R","shawj101","R","sislg101","austj101","","S/6/BR.2X3(6);1-2","F","F",8,5,20,"T","T",1,"F","F",1,0,"F","F",0,1,2,0,0
"SLA191905210","WS1",7,0,0,0,0,0,0,"shanh101","R","shocu101","R","","","","2/FL","T","F",6,6,2,"T","T",0,"F","F",1,0,"F","F",0,0,0,0,0
"SLA191905210","WS1",7,0,1,0,0,0,0,"leonj101","L","shocu101","R","","","","K","F","F",4,7,3,"T","T",0,"F","F",1,0,"F","F",0,0,0,0,0
"SLA191905210","WS1",7,0,2,0,0,0,0,"piciv101","R","shocu101","R","","","","S1/5.B-2(E1)","F","F",2,8,20,"T","T",1,"F","F",0,0,"F","F",1,2,0,0,0
"SLA191905210","WS1",7,0,2,0,0,0,0,"shawj101","R","shocu101","R","","piciv101","","53","F","F",1,9,2,"T","T",0,"F","F",1,0,"F","F",0,0,0,2,0
"SLA191905210","WS1",7,1,0,0,0,0,0,"sloat101","L","shawj101","R","","","","8","T","F",9,6,2,"T","T",0,"F","F",1,0,"F","F",0,0,0,0,0
"SLA191905210","WS1",7,1,1,0,0,0,0,"gerbw101","R","shawj101","R","","","","K","F","F",6,7,3,"T","T",0,"F","F",1,0,"F","F",0,0,0,0,0
"SLA191905210","WS1",7,1,2,0,0,0,0,"billj103","R","shawj101","R","","","","8","F","F",2,8,2,"T","T",0,"F","F",1,0,"F","F",0,0,0,0,0
"SLA191905210","WS1",8,0,0,0,0,0,0,"menom101","L","shocu101","R","","","","43","T","F",8,1,2,"T","T",0,"F","F",1,0,"F","F",0,0,0,0,0
"SLA191905210","WS1",8,0,1,0,0,0,0,"foste103","R","shocu101","R","","","","3/G","F","F",5,2,2,"T","T",0,"F","F",1,0,"F","F",0,0,0,0,0
"SLA191905210","WS1",8,0,2,0,0,0,0,"judgj101","L","shocu101","R","","","","13","F","F",3,3,2,"T","T",0,"F","F",1,0,"F","F",0,0,0,0,0
"SLA191905210","WS1",8,1,0,0,0,0,0,"shocu101","R","shawj101","R","","","","13","T","F",1,9,2,"T","T",0,"F","F",1,0,"F","F",0,0,0,0,0
"SLA191905210","WS1",8,1,1,0,0,0,0,"austj101","L","shawj101","R","","","","K","F","F",5,1,3,"T","T",0,"F","F",1,0,"F","F",0,0,0,0,0
"SLA191905210","WS1",8,1,2,0,0,0,0,"gedej101","R","shawj101","R","","","","S8","F","F",4,2,20,"T","T",1,"F","F",0,0,"F","F",0,1,0,0,0
"SLA191905210","WS1",8,1,2,0,0,0,0,"tobij101","L","shawj101","R","gedej101","","","W.1-2","F","F",7,3,14,"T","F",0,"F","F",0,0,"F","F",0,1,2,0,0
"SLA191905210","WS1",8,1,2,0,0,0,0,"sislg101","L","shawj101","R","tobij101","gedej101","","D/9S.2-H;1-3","F","F",3,4,21,"T","T",2,"F","F",0,1,"F","F",0,2,3,4,0
"SLA191905210","WS1",8,1,2,0,0,0,1,"jacow101","R","shawj101","R","","sislg101","tobij101","K23","F","F",8,5,3,"T","T",0,"F","F",1,0,"F","F",0,0,0,2,3
"SLA191905210","WS1",9,0,0,0,0,0,1,"rices101","L","shocu101","R","","","","43","T","F",9,4,2,"T","T",0,"F","F",1,0,"F","F",0,0,0,0,0
"SLA191905210","WS1",9,0,1,0,0,0,1,"gharp101","R","shocu101","R","","","","K","F","F",7,5,3,"T","T",0,"F","F",1,0,"F","F",0,0,0,0,0
"SLA191905210","WS1",9,0,2,0,0,0,1,"shanh101","R","shocu101","R","","","","K","F","F",6,6,3,"T","T",0,"F","F",1,0,"F","F",0,0,0,0,0
"SLA191905220","WS1",1,0,0,0,0,0,0,"menom101","L","gallb103","R","","","","S7","T","F",8,1,20,"T","T",1,"F","F",0,0,"F","F",0,1,0,0,0
"SLA191905220","WS1",1,0,0,0,0,0,0,"foste103","R","gallb103","R","menom101","","","13/SH.1-2","F","F",5,2,2,"T","F",0,"T","F",1,0,"F","F",0,0,2,0,0
"SLA191905220","WS1",1,0,1,0,0,0,0,"judgj101","L","gallb103","R","","menom101","","S.2-3","F","F",3,3,20,"T","T",1,"F","F",0,0,"F","F",0,1,0,3,0
"SLA191905220","WS1",1,0,1,0,0,0,0,"rices101","L","gallb103","R","judgj101","","menom101","S.3-H;1-3","F","F",9,4,20,"T","T",1,"F","F",0,1,"F","F",0,1,3,0,4
"SLA191905220","WS1",1,0,1,0,0,1,0,"gharp101","R","gallb103","R","rices101","","judgj101","2/FL","F","F",7,5,2,"T","T",0,"F","F",1,0,"F","F",0,0,1,0,3
"SLA191905220","WS1",1,0,2,0,0,1,0,"shanh101","R","gallb103","R","rices101","","judgj101","2/FL","F","F",6,6,2,"T","T",0,"F","F",1,0,"F","F",0,0,1,0,3
"SLA191905220","WS1",1,1,0,0,0,1,0,"austj101","L","johnw102","R","","","","53","T","F",5,1,2,"T","T",0,"F","F",1,0,"F","F",0,0,0,0,0
"SLA191905220","WS1",1,1,1,0,0,1,0,"gedej101","R","johnw102","R","","","","S7","F","F",4,2,20,"T","T",1,"F","F",0,0,"F","F",0,1,0,0,0
"SLA191905220","WS1",1,1,1,0,0,1,0,"tobij101","L","johnw102","R","gedej101","","","1(B)3(1)/BP/DP","F","F",7,3,2,"T","T",0,"F","F",2,0,"F","F",0,0,0,0,0
"SLA191905220","WS1",2,0,0,0,0,1,0,"janvh101","R","gallb103","R","","","","W","T","F",4,7,14,"T","F",0,"F","F",0,0,"F","F",0,1,0,0,0
"SLA191905220","WS1",2,0,0,0,0,1,0,"agnes101","R","gallb103","R","janvh101","","","13/SH.1-2","F","F",2,8,2,"T","F",0,"T","F",1,0,"F","F",0,0,2,0,0
"SLA191905220","WS1",2,0,1,0,0,1,0,"johnw102","R","gallb103","R","","janvh101","","W","F","F",1,9,14,"T","F",0,"F","F",0,0,"F","F",0,1,0,2,0
"SLA191905220","WS1",2,0,1,0,0,1,0,"menom101","L","gallb103","R","johnw102","janvh101","","K","F","F",8,1,3,"T","T",0,"F","F",1,0,"F","F",0,0,1,2,0
"SLA191905220","WS1",2,0,2,0,0,1,0,"foste103","R","gallb103","R","johnw102","janvh101","","8/L","F","F",5,2,2,"T","T",0,"F","F",1,0,"F","F",0,0,1,2,0
"SLA191905220","WS1",2,1,0,0,0,1,0,"sislg101","L","johnw102","R","","","","43","T","F",3,4,2,"T","T",0,"F","F",1,0,"F","F",0,0,0,0,0
"SLA191905220","WS1",2,1,1,0,0,1,0,"jacow101","R","johnw102","R","","","","53","F","F",8,5,2,"T","T",0,"F","F",1,0,"F","F",0,0,0,0,0
"SLA191905220","WS1",2,1,2,0,0,1,0,"sloat101","L","johnw102","R","","","","3","F","F",9,6,2,"T","T",0,"F","F",1,0,"F","F",0,0,0,0,0
"SLA191905220","WS1",3,0,0,0,0,1,0,"judgj101","L","gallb103","R","","","","31","T","F",3,3,2,"T","T",0,"F","F",1,0,"F","F",0,0,0,0,0
"SLA191905220","WS1",3,0,1,0,0,1,0,"rices101","L","gallb103","R","","","","13","F","F",9,4,2,"T","T",0,"F","F",1,0,"F","F",0,0,0,0,0
"SLA191905220","WS1",3,0,2,0,0,1,0,"gharp101","R","gallb103","R","","","","7/L","F","F",7,5,2,"T","T",0,"F","F",1,0,"F","F",0,0,0,0,0
"SLA191905220","WS1",3,1,0,0,0,1,0,"gerbw101","R","johnw102","R","","","","53","T","F",6,7,2,"T","T",0,"F","F",1,0,"F","F",0,0,0,0,0
"SLA191905220","WS1",3,1,1,0,0,1,0,"mayew101","R","johnw102","R","","","","53","F","F",2,8,2,"T","T",0,"F","F",1,0,"F","F",0,0,0,0,0
"SLA191905220","WS1",3,1,2,0,0,1,0,"gallb103","R","johnw102","R","","","","K","F","F",1,9,3,"T","T",0,"F","F",1,0,"F","F",0,0,0,0,0
"SLA191905220","WS1",4,0,0,0,0,1,0,"shanh101","R","gallb103","R","","","","S7","T","F",6,6,20,"T","T",1,"F","F",0,0,"F","F",0,1,0,0,0
"SLA191905220","WS1",4,0,0,0,0,1,0,"janvh101","R","gallb103","R","shanh101","","","CS2(24)#","F","F",4,7,6,"F","F",0,"F","F",1,0,"F","F",0,0,0,0,0
"SLA191905220","WS1",4,0,1,0,0,1,0,"janvh101","R","gallb103","R","","","","W","F","F",4,7,14,"T","F",0,"F","F",0,0,"F","F",0,1,0,0,0
"SLA191905220","WS1",4,0,1,0,0,1,0,"agnes101","R","gallb103","R","janvh101","","","7/L","F","F",2,8,2,"T","T",0,"F","F",1,0,"F","F",0,0,1,0,0
"SLA191905220","WS1",4,0,2,0,0,1,0,"johnw102","R","gallb103","R","janvh101","","","WP.1-2","F","F",1,9,9,"F","F",0,"F","F",0,0,"T","F",0,0,2,0,0
"SLA191905220","WS1",4,0,2,0,0,1,0,"johnw102","R","gallb103","R","","janvh101","","8/L","F","F",1,9,2,"T","T",0,"F","F",1,0,"F","F",0,0,0,2,0
"SLA191905220","WS1",4,1,0,0,0,1,0,"austj101","L","johnw102","R","","","","W","T","F",5,1,14,"T","F",0,"F","F",0,0,"F","F",0,1,0,0,0
"SLA191905220","WS1",4,1,0,0,0,1,0,"gedej101","R","johnw102","R","austj101","","","S/BG.1-2","F","F",4,2,20,"T","T",1,"F","F",0,0,"F","F",0,1,2,0,0
"SLA191905220","WS1",4,1,0,0,0,1,0,"tobij101","L","johnw102","R","gedej101","austj101","","13/SH.2-3;1-2","F","F",7,3,2,"T","F",0,"T","F",1,0,"F","F",0,0,2,3,0
"SLA191905220","WS1",4,1,1,0,0,1,0,"sislg101","L","johnw102","R","","gedej101","austj101","FC4.3XH(42);2-3","F","F",3,4,19,"T","T",0,"F","F",1,0,"F","F",0,1,0,3,0
"SLA191905220","WS1",4,1,2,0,0,1,0,"jacow101","R","johnw102","R","sislg101","","gedej101","53","F","F",8,5,2,"T","T",0,"F","F",1,0,"F","F",0,0,1,0,3
"SLA191905220","WS1",5,0,0,0,0,1,0,"menom101","L","gallb103","R","","","","S","T","F",8,1,20,"T","T",1,"F","F",0,0,"F","F",0,1,0,0,0
"SLA191905220","WS1",5,0,0,0,0,1,0,"foste103","R","gallb103","R","menom101","","","9","F","F",5,2,2,"T","T",0,"F","F",1,0,"F","F",0,0,1,0,0
"SLA191905220","WS1",5,0,1,0,0,1,0,"judgj101","L","gallb103","R","menom101","","","S9.1-2","F","F",3,3,20,"T","T",1,"F","F",0,0,"F","F",0,1,2,0,0
"SLA191905220","WS1",5,0,1,0,0,1,0,"rices101","L","gallb103","R","judgj101","menom101","","6(1)/FO.2-3#","F","F",9,4,2,"T","T",0,"F","F",1,0,"F","F",0,1,0,3,0
"SLA191905220","WS1",5,0,2,0,0,1,0,"gharp101","R","gallb103","R","rices101","","menom101","D7.3-H;1-H","F","F",7,5,21,"T","T",2,"F","F",0,2,"F","F",0,2,4,0,4
"SLA191905220","WS1",5,0,2,0,0,3,0,"shanh101","R","gallb103","R","","gharp101","","S7.2-H","F","F",6,6,20,"T","T",1,"F","F",0,1,"F","F",0,1,0,4,0
"SLA191905220","WS1",5,0,2,0,0,4,0,"janvh101","R","gallb103","R","shanh101","","","SB2","F","F",4,7,4,"F","F",0,"F","F",0,0,"F","F",0,0,2,0,0
"SLA191905220","WS1",5,0,2,0,0,4,0,"janvh101","R","gallb103","R","","shanh101","","9/L","F","F",4,7,2,"T","T",0,"F","F",1,0,"F","F",0,0,0,2,0
"SLA191905220","WS1",5,1,0,0,0,4,0,"sloat101","L","johnw102","R","","","","63","T","F",9,6,2,"T","T",0,"F","F",1,0,"F","F",0,0,0,0,0
"SLA191905220","WS1",5,1,1,0,0,4,0,"gerbw101","R","johnw102","R","","","","K","F","F",6,7,3,"T","T",0,"F","F",1,0,"F","F",0,0,0,0,0
"SLA191905220","WS1",5,1,2,0,0,4,0,"mayew101","R","johnw102","R","","","","K","F","F",2,8,3,"T","T",0,"F","F",1,0,"F","F",0,0,0,0,0
"SLA191905220","WS1",6,0,0,0,0,4,0,"agnes101","R","gallb103","R","","","","7/L","T","F",2,8,2,"T","T",0,"F","F",1,0,"F","F",0,0,0,0,0
"SLA191905220","WS1",6,0,1,0,0,4,0,"johnw102","R","gallb103","R","","","","W","F","F",1,9,14,"T","F",0,"F","F",0,0,"F","F",0,1,0,0,0
"SLA191905220","WS1",6,0,1,0,0,4,0,"menom101","L","gallb103","R","johnw102","","","K","F","F",8,1,3,"T","T",0,"F","F",1,0,"F","F",0,0,1,0,0
"SLA191905220","WS1",6,0,2,0,0,4,0,"foste103","R","gallb103","R","johnw102","","","S/89.1-3","F","F",5,2,20,"T","T",1,"F","F",0,0,"F","F",0,1,3,0,0
"SLA191905220","WS1",6,0,2,0,0,4,0,"judgj101","L","gallb103","R","foste103","","johnw102","9/L","F","F",3,3,2,"T","T",0,"F","F",1,0,"F","F",0,0,1,0,3
"SLA191905220","WS1",6,1,0,0,0,4,0,"smite107","L","johnw102","R","","","","7","T","T",11,9,2,"T","T",0,"F","F",1,0,"F","F",0,0,0,0,0
"SLA191905220","WS1",6,1,1,0,0,4,0,"austj101","L","johnw102","R","","","","3/G","F","F",5,1,2,"T","T",0,"F","F",1,0,"F","F",0,0,0,0,0
"SLA191905220","WS1",6,1,2,0,0,4,0,"gedej101","R","johnw102","R","","","","5/FL","F","F",4,2,2,"T","T",0,"F","F",1,0,"F","F",0,0,0,0,0
"SLA191905220","WS1",7,0,0,0,0,4,0,"rices101","L","koobe101","L","","","","13","T","F",9,4,2,"T","T",0,"F","F",1,0,"F","F",0,0,0,0,0
"SLA191905220","WS1",7,0,1,0,0,4,0,"gharp101","R","koobe101","L","","","","K","F","F",7,5,3,"T","T",0,"F","F",1,0,"F","F",0,0,0,0,0
"SLA191905220","WS1",7,0,2,0,0,4,0,"shanh101","R","koobe101","L","","","","W","F","F",6,6,14,"T","F",0,"F","F",0,0,"F","F",0,1,0,0,0
"SLA191905220","WS1",7,0,2,0,0,4,0,"janvh101","R","koobe101","L","shanh101","","","63","F","F",4,7,2,"T","T",0,"F","F",1,0,"F","F",0,0,1,0,0
"SLA191905220","WS1",7,1,0,0,0,4,0,"tobij101","L","johnw102","R","","","","S2/BG","T","F",7,3,20,"T","T",1,"F","F",0,0,"F","F",0,1,0,0,0
"SLA191905220","WS1",7,1,0,0,0,4,0,"sislg101","L","johnw102","R","tobij101","","","S9/G.1-3","F","F",3,4,20,"T","T",1,"F","F",0,0,"F","F",0,1,3,0,0
"SLA191905220","WS1",7,1,0,0,0,4,0,"jacow101","R","johnw102","R","sislg101","","tobij101","W.1-2","F","F",8,5,14,"T","F",0,"F","F",0,0,"F","F",0,1,2,0,3
"SLA191905220","WS1",7,1,0,0,0,4,0,"sloat101","L","johnw102","R","jacow101","sislg101","tobij101","4/P","F","F",9,6,2,"T","T",0,"F","F",1,0,"F","F",0,0,1,2,3
"SLA191905220","WS1",7,1,1,0,0,4,0,"gerbw101","R","johnw102","R","jacow101","sislg101","tobij101","E5.3-H(NR);2-3;1-2","F","F",6,7,18,"T","T",0,"F","F",0,0,"F","F",1,1,2,3,4
"SLA191905220","WS1",7,1,1,0,0,4,1,"demmr101","L","johnw102","R","gerbw101","jacow101","sislg101","S8.3-H;2-H(UR);1-2","F","T",11,8,20,"T","T",1,"F","F",0,2,"F","F",0,1,2,5,4
"SLA191905220","WS1",7,1,1,0,0,4,3,"seveh101","R","johnw102","R","demmr101","gerbw101","","46(1)3/GDP","F","T",11,9,2,"T","T",0,"F","F",2,0,"F","F",0,0,0,2,0
"SLA191905220","WS1",8,0,0,0,0,4,3,"agnes101","R","sotha101","R","","","","S9","T","F",2,8,20,"T","T",1,"F","F",0,0,"F","F",0,1,0,0,0
"SLA191905220","WS1",8,0,0,0,0,4,3,"johnw102","R","sotha101","R","davii102","","","99/SH.1-2#","F","F",1,9,2,"T","F",0,"T","F",1,0,"F","F",0,0,2,0,0
"SLA191905220","WS1",8,0,1,0,0,4,3,"menom101","L","sotha101","R","","davii102","","9","F","F",8,1,2,"T","T",0,"F","F",1,0,"F","F",0,0,0,2,0
"SLA191905220","WS1",8,0,2,0,0,4,3,"foste103","R","sotha101","R","","davii102","","K","F","F",5,2,3,"T","T",0,"F","F",1,0,"F","F",0,0,0,2,0
"SLA191905220","WS1",8,1,0,0,0,4,3,"austj101","L","johnw102","R","","","","S7","T","F",5,1,20,"T","T",1,"F","F",0,0,"F","F",0,1,0,0,0
"SLA191905220","WS1",8,1,0,0,0,4,3,"gedej101","R","johnw102","R","austj101","","","K/BG","F","F",4,2,3,"T","T",0,"F","F",1,0,"F","F",0,0,1,0,0
"SLA191905220","WS1",8,1,1,0,0,4,3,"tobij101","L","johnw102","R","austj101","","","13/SH.1-2","F","F",7,3,2,"T","F",0,"T","F",1,0,"F","F",0,0,2,0,0
"SLA191905220","WS1",8,1,2,0,0,4,3,"sislg101","L","johnw102","R","","austj101","","E6.2-3#","F","F",3,4,18,"T","T",0,"F","F",0,0,"F","F",1,1,0,3,0
"SLA191905220","WS1",8,1,2,0,0,4,3,"jacow101","R","johnw102","R","sislg101","","austj101","S9.3-H(UR);1-3","F","F",8,5,20,"T","T",1,"F","F",0,1,"F","F",0,1,3,0,5
"SLA191905220","WS1",8,1,2,0,0,4,4,"sloat101","L","johnw102","R","jacow101","","sislg101","S6.3-H(UR);1-2","F","F",9,6,20,"T","T",1,"F","F",0,1,"F","F",0,1,2,0,5
"SLA191905220","WS1",8,1,2,0,0,4,5,"gerbw101","R","johnw102","R","sloat101","jacow101","","K","F","F",6,7,3,"T","T",0,"F","F",1,0,"F","F",0,0,1,2,0
"SLA191905220","WS1",9,0,0,0,0,4,5,"judgj101","L","sotha101","R","","","","5/FL","T","F",3,3,2,"T","T",0,"F","F",1,0,"F","F",0,0,0,0,0
"SLA191905220","WS1",9,0,1,0,0,4,5,"rices101","L","sotha101","R","","","","HP","F","F",9,4,16,"T","F",0,"F","F",0,0,"F","F",0,1,0,0,0
"SLA191905220","WS1",9,0,1,0,0,4,5,"gharp101","R","sotha101","R","rices101","","","8","F","F",7,5,2,"T","T",0,"F","F",1,0,"F","F",0,0,1,0,0
"SLA191905220","WS1",9,0,2,0,0,4,5,"shanh101","R","sotha101","R","rices101","","","8","F","F",6,6,2,"T","T",0,"F","F",1,0,"F","F",0,0,1,0,0
"SLA191905240","WS1",1,0,0,0,0,0,0,"shanh101","R","weilc101","L","","","","53","T","F",6,1,2,"T","T",0,"F","F",1,0,"F","F",0,0,0,0,0
"SLA191905240","WS1",1,0,1,0,0,0,0,"foste103","R","weilc101","L","","","","63","F","F",5,2,2,"T","T",0,"F","F",1,0,"F","F",0,0,0,0,0
"SLA191905240","WS1",1,0,2,0,0,0,0,"judgj101","L","weilc101","L","","","","W","F","F",3,3,14,"T","F",0,"F","F",0,0,"F","F",0,1,0,0,0
"SLA191905240","WS1",1,0,2,0,0,0,0,"rices101","L","weilc101","L","judgj101","","","9","F","F",9,4,2,"T","T",0,"F","F",1,0,"F","F",0,0,1,0,0
"SLA191905240","WS1",1,1,0,0,0,0,0,"austj101","R","harph101","L","","","","8/L","T","F",5,1,2,"T","T",0,"F","F",1,0,"F","F",0,0,0,0,0
"SLA191905240","WS1",1,1,1,0,0,0,0,"gedej101","R","harph101","L","","","","9/L","F","F",4,2,2,"T","T",0,"F","F",1,0,"F","F",0,0,0,0,0
"SLA191905240","WS1",1,1,2,0,0,0,0,"tobij101","L","harph101","L","","","","S/9","F","F",7,3,20,"T","T",1,"F","F",0,0,"F","F",0,1,0,0,0
"SLA191905240","WS1",1,1,2,0,0,0,0,"sislg101","L","harph101","L","tobij101","","","8","F","F",3,4,2,"T","T",0,"F","F",1,0,"F","F",0,0,1,0,0
"SLA191905240","WS1",2,0,0,0,0,0,0,"gharp101","R","weilc101","L","","","","8","T","F",7,5,2,"T","T",0,"F","F",1,0,"F","F",0,0,0,0,0
"SLA191905240","WS1",2,0,1,0,0,0,0,"johnw102","R","weilc101","L","","","","S8","F","F",8,6,20,"T","T",1,"F","F",0,0,"F","F",0,1,0,0,0
"SLA191905240","WS1",2,0,1,0,0,0,0,"janvh101","R","weilc101","L","johnw102","","","8","F","F",4,7,2,"T","T",0,"F","F",1,0,"F","F",0,0,1,0,0
"SLA191905240","WS1",2,0,2,0,0,0,0,"piciv101","R","weilc101","L","johnw102","","","CS2(26)#","F","F",2,8,6,"F","F",0,"F","F",1,0,"F","F",0,0,0,0,0
"SLA191905240","WS1",2,1,0,0,0,0,0,"jacow101","R","harph101","L","","","","9","T","F",8,5,2,"T","T",0,"F","F",1,0,"F","F",0,0,0,0,0
"SLA191905240","WS1",2,1,1,0,0,0,0,"sloat101","L","harph101","L","","","","3/G","F","F",9,6,2,"T","T",0,"F","F",1,0,"F","F",0,0,0,0,0
"SLA191905240","WS1",2,1,2,0,0,0,0,"gerbw101","R","harph101","L","","","","3/P","F","F",6,7,2,"T","T",0,"F","F",1,0,"F","F",0,0,0,0,0
"SLA191905240","WS1",3,0,0,0,0,0,0,"piciv101","R","weilc101","L","","","","5/P","T","F",2,8,2,"T","T",0,"F","F",1,0,"F","F",0,0,0,0,0
"SLA191905240","WS1",3,0,1,0,0,0,0,"harph101","L","weilc101","L","","","","13","F","F",1,9,2,"T","T",0,"F","F",1,0,"F","F",0,0,0,0,0
"SLA191905240","WS1",3,0,2,0,0,0,0,"shanh101","R","weilc101","L","","","","2/FL","F","F",6,1,2,"T","T",0,"F","F",1,0,"F","F",0,0,0,0,0
"SLA191905240","WS1",3,1,0,0,0,0,0,"billj103","R","harph101","L","","","","5/L","T","F",2,8,2,"T","T",0,"F","F",1,0,"F","F",0,0,0,0,0
"SLA191905240","WS1",3,1,1,0,0,0,0,"weilc101","L","harph101","L","","","","9/L","F","F",1,9,2,"T","T",0,"F","F",1,0,"F","F",0,0,0,0,0
"SLA191905240","WS1",3,1,2,0,0,0,0,"austj101","R","harph101","L","","","","W","F","F",5,1,14,"T","F",0,"F","F",0,0,"F","F",0,1,0,0,0
"SLA191905240","WS1",3,1,2,0,0,0,0,"gedej101","R","harph101","L","austj101","","","HP.1-2","F","F",4,2,16,"T","F",0,"F","F",0,0,"F","F",0,1,2,0,0
"SLA191905240","WS1",3,1,2,0,0,0,0,"tobij101","L","harph101","L","gedej101","austj101","","9#","F","F",7,3,2,"T","T",0,"F","F",1,0,"F","F",0,0,1,2,0
"SLA191905240","WS1",4,0,0,0,0,0,0,"foste103","R","weilc101","L","","","","K","T","F",5,2,3,"T","T",0,"F","F",1,0,"F","F",0,0,0,0,0
"SLA191905240","WS1",4,0,1,0,0,0,0,"judgj101","L","weilc101","L","","","","S9","F","F",3,3,20,"T","T",1,"F","F",0,0,"F","F",0,1,0,0,0
"SLA191905240","WS1",4,0,1,0,0,0,0,"rices101","L","weilc101","L","judgj101","","","CS2(24)#","F","F",9,4,6,"F","F",0,"F","F",1,0,"F","F",0,0,0,0,0
"SLA191905240","WS1",4,0,2,0,0,0,0,"rices101","L","weilc101","L","","","","S7","F","F",9,4,20,"T","T",1,"F","F",0,0,"F","F",0,1,0,0,0
"SLA191905240","WS1",4,0,2,0,0,0,0,"gharp101","R","weilc101","L","rices101","","","S9.1XH(962)#","F","F",7,5,20,"T","T",1,"F","F",1,0,"F","F",0,1,0,0,0
"SLA191905240","WS1",4,1,0,0,0,0,0,"sislg101","L","harph101","L","","","","6/P","T","F",3,4,2,"T","T",0,"F","F",1,0,"F","F",0,0,0,0,0
"SLA191905240","WS1",4,1,1,0,0,0,0,"jacow101","R","harph101","L","","","","13","F","F",8,5,2,"T","T",0,"F","F",1,0,"F","F",0,0,0,0,0
"SLA191905240","WS1",4,1,2,0,0,0,0,"sloat101","L","harph101","L","","","","53","F","F",9,6,2,"T","T",0,"F","F",1,0,"F","F",0,0,0,0,0
"SLA191905240","WS1",5,0,0,0,0,0,0,"johnw102","R","weilc101","L","","","","3/FL","T","F",8,6,2,"T","T",0,"F","F",1,0,"F","F",0,0,0,0,0
"SLA191905240","WS1",5,0,1,0,0,0,0,"janvh101","R","weilc101","L","","","","S8","F","F",4,7,20,"T","T",1,"F","F",0,0,"F","F",0,1,0,0,0
"SLA191905240","WS1",5,0,1,0,0,0,0,"piciv101","R","weilc101","L","janvh101","","","W.1-2","F","F",2,8,14,"T","F",0,"F","F",0,0,"F","F",0,1,2,0,0
"SLA191905240","WS1",5,0,1,0,0,0,0,"harph101","L","weilc101","L","piciv101","janvh101","","36(1)/FO","F","F",1,9,2,"T","T",0,"F","F",1,0,"F","F",0,1,0,2,0
"SLA191905240","WS1",5,0,2,0,0,0,0,"shanh101","R","weilc101","L","harph101","janvh101","","8","F","F",6,1,2,"T","T",0,"F","F",1,0,"F","F",0,0,1,2,0
"SLA191905240","WS1",5,1,0,0,0,0,0,"gerbw101","R","harph101","L","","","","S7","T","F",6,7,20,"T","T",1,"F","F",0,0,"F","F",0,1,0,0,0
"SLA191905240","WS1",5,1,0,0,0,0,0,"billj103","R","harph101","L","gerbw101","","","14/SH.1-2","F","F",2,8,2,"T","F",0,"T","F",1,0,"F","F",0,0,2,0,0
"SLA191905240","WS1",5,1,1,0,0,0,0,"weilc101","L","harph101","L","","gerbw101","","43.2-3","F","F",1,9,2,"T","T",0,"F","F",1,0,"F","F",0,0,0,3,0
"SLA191905240","WS1",5,1,2,0,0,0,0,"austj101","R","harph101","L","","","gerbw101","7","F","F",5,1,2,"T","T",0,"F","F",1,0,"F","F",0,0,0,0,3
"SLA191905240","WS1",6,0,0,0,0,0,0,"foste103","R","weilc101","L","","","","7","T","F",5,2,2,"T","T",0,"F","F",1,0,"F","F",0,0,0,0,0
"SLA191905240","WS1",6,0,1,0,0,0,0,"judgj101","L","weilc101","L","","","","13","F","F",3,3,2,"T","T",0,"F","F",1,0,"F","F",0,0,0,0,0
"SLA191905240","WS1",6,0,2,0,0,0,0,"rices101","L","weilc101","L","","","","S9","F","F",9,4,20,"T","T",1,"F","F",0,0,"F","F",0,1,0,0,0
"SLA191905240","WS1",6,0,2,0,0,0,0,"gharp101","R","weilc101","L","rices101","","","S7.1-2","F","F",7,5,20,"T","T",1,"F","F",0,0,"F","F",0,1,2,0,0
"SLA191905240","WS1",6,0,2,0,0,0,0,"johnw102","R","weilc101","L","gharp101","rices101","","5(2)/FO.1-2","F","F",8,6,2,"T","T",0,"F","F",1,0,"F","F",0,1,2,0,0
"SLA191905240","WS1",6,1,0,0,0,0,0,"gedej101","R","harph101","L","","","","8","T","F",4,2,2,"T","T",0,"F","F",1,0,"F","F",0,0,0,0,0
"SLA191905240","WS1",6,1,1,0,0,0,0,"tobij101","L","harph101","L","","","","W","F","F",7,3,14,"T","F",0,"F","F",0,0,"F","F",0,1,0,0,0
"SLA191905240","WS1",6,1,1,0,0,0,0,"sislg101","L","harph101","L","tobij101","","","36(1)3/GDP","F","F",3,4,2,"T","T",0,"F","F",2,0,"F","F",0,0,0,0,0
"SLA191905240","WS1",7,0,0,0,0,0,0,"janvh101","R","weilc101","L","","","","7/L","T","F",4,7,2,"T","T",0,"F","F",1,0,"F","F",0,0,0,0,0
"SLA191905240","WS1",7,0,1,0,0,0,0,"piciv101","R","weilc101","L","","","","K","F","F",2,8,3,"T","T",0,"F","F",1,0,"F","F",0,0,0,0,0
"SLA191905240","WS1",7,0,2,0,0,0,0,"harph101","L","weilc101","L","","","","63","F","F",1,9,2,"T","T",0,"F","F",1,0,"F","F",0,0,0,0,0
"SLA191905240","WS1",7,1,0,0,0,0,0,"jacow101","R","harph101","L","","","","8","T","F",8,5,2,"T","T",0,"F","F",1,0,"F","F",0,0,0,0,0
"SLA191905240","WS1",7,1,1,0,0,0,0,"sloat101","L","harph101","L","","","","8","F","F",9,6,2,"T","T",0,"F","F",1,0,"F","F",0,0,0,0,0
"SLA191905240","WS1",7,1,2,0,0,0,0,"gerbw101","R","harph101","L","","","","53","F","F",6,7,2,"T","T",0,"F","F",1,0,"F","F",0,0,0,0,0
"SLA191905240","WS1",8,0,0,0,0,0,0,"shanh101","R","weilc101","L","","","","S8","T","F",6,1,20,"T","T",1,"F","F",0,0,"F","F",0,1,0,0,0
"SLA191905240","WS1",8,0,0,0,0,0,0,"foste103","R","weilc101","L","shanh101","","","34/SH.1-2","F","F",5,2,2,"T","F",0,"T","F",1,0,"F","F",0,0,2,0,0
"SLA191905240","WS1",8,0,1,0,0,0,0,"judgj101","L","weilc101","L","","shanh101","","W","F","F",3,3,14,"T","F",0,"F","F",0,0,"F","F",0,1,0,2,0
"SLA191905240","WS1",8,0,1,0,0,0,0,"rices101","L","weilc101","L","judgj101","shanh101","","S7.2-H;1-2","F","F",9,4,20,"T","T",1,"F","F",0,1,"F","F",0,1,2,4,0
"SLA191905240","WS1",8,0,1,0,0,1,0,"gharp101","R","weilc101","L","rices101","judgj101","","5/P","F","F",7,5,2,"T","T",0,"F","F",1,0,"F","F",0,0,1,2,0
"SLA191905240","WS1",8,0,2,0,0,1,0,"johnw102","R","weilc101","L","rices101","judgj101","","7/FL","F","F",8,6,2,"T","T",0,"F","F",1,0,"F","F",0,0,1,2,0
"SLA191905240","WS1",8,1,0,0,0,1,0,"seveh101","R","harph101","L","","","","S5","T","T",11,8,20,"T","T",1,"F","F",0,0,"F","F",0,1,0,0,0
"SLA191905240","WS1",8,1,0,0,0,1,0,"weilc101","L","harph101","L","smite107","","","FC1/BG.1-2(E1)","F","F",1,9,19,"T","T",0,"F","F",0,0,"F","F",1,1,2,0,0
"SLA191905240","WS1",8,1,0,0,0,1,0,"austj101","R","harph101","L","weilc101","smite107","","K/C","F","F",5,1,3,"T","T",0,"F","F",1,0,"F","F",0,0,1,2,0
"SLA191905240","WS1",8,1,1,0,0,1,0,"gedej101","R","harph101","L","weilc101","smite107","","46(1)/FO.2-3","F","F",4,2,2,"T","T",0,"F","F",1,0,"F","F",0,1,0,3,0
"SLA191905240","WS1",8,1,2,0,0,1,0,"tobij101","L","harph101","L","gedej101","","smite107","CS2(263)","F","F",7,3,6,"F","F",0,"F","F",1,0,"F","F",0,0,0,0,3
"SLA191905240","WS1",9,0,0,0,0,1,0,"janvh101","R","weilc101","L","","","","W","T","F",4,7,14,"T","F",0,"F","F",0,0,"F","F",0,1,0,0,0
"SLA191905240","WS1",9,0,0,0,0,1,0,"piciv101","R","weilc101","L","janvh101","","","14/SH.1-2","F","F",2,8,2,"T","F",0,"T","F",1,0,"F","F",0,0,2,0,0
"SLA191905240","WS1",9,0,1,0,0,1,0,"harph101","L","weilc101","L","","janvh101","","43","F","F",1,9,2,"T","T",0,"F","F",1,0,"F","F",0,0,0,2,0
"SLA191905240","WS1",9,0,2,0,0,1,0,"shanh101","R","weilc101","L","","janvh101","","8","F","F",6,1,2,"T","T",0,"F","F",1,0,"F","F",0,0,0,2,0
"SLA191905240","WS1",9,1,0,0,0,1,0,"tobij101","L","harph101","L","","","","W","T","F",7,3,14,"T","F",0,"F","F",0,0,"F","F",0,1,0,0,0
"SLA191905240","WS1",9,1,0,0,0,1,0,"sislg101","L","harph101","L","tobij101","","","S5/BG.1-H(E5/TH)(NR)(UR);B-3","F","F",3,4,20,"T","T",1,"F","F",0,0,"F","F",1,3,5,0,0
"SLA191905240","WS1",9,1,0,0,0,1,1,"jacow101","R","harph101","L","","","sislg101","IW","F","F",8,5,15,"T","F",0,"F","F",0,0,"F","F",0,1,0,0,3
"SLA191905240","WS1",9,1,0,0,0,1,1,"bronh101","R","harph101","L","jacow101","","sislg101","6/P","F","T",11,6,2,"T","T",0,"F","F",1,0,"F","F",0,0,1,0,3
"SLA191905240","WS1",9,1,1,0,0,1,1,"gerbw101","R","harph101","L","jacow101","","sislg101","FC1/BG.3XH(12);1-2","F","F",6,7,19,"T","T",0,"F","F",1,0,"F","F",0,1,2,0,0
"SLA191905240","WS1",9,1,2,0,0,1,1,"mayew101","R","harph101","L","gerbw101","jacow101","","W.2-3;1-2","F","F",2,8,14,"T","F",0,"F","F",0,0,"F","F",0,1,2,3,0
"SLA191905240","WS1",9,1,2,0,0,1,1,"weilc101","L","harph101","L","mayew101","gerbw101","jacow101","W.3-H(UR);2-3;1-2","F","F",1,9,14,"T","F",0,"F","F",0,1,"F","F",0,1,2,3,5
"SLA191906280","CHA",1,0,0,0,0,0,0,"leibn101","L","shocu101","R","","","","43","T","F",9,1,2,"T","T",0,"F","F",1,0,"F","F",0,0,0,0,0
"SLA191906280","CHA",1,0,1,0,0,0,0,"colle101","L","shocu101","R","","","","43","F","F",4,2,2,"T","T",0,"F","F",1,0,"F","F",0,0,0,0,0
"SLA191906280","CHA",1,0,2,0,0,0,0,"weavb101","L","shocu101","R","","","","3/G","F","F",6,3,2,"T","T",0,"F","F",1,0,"F","F",0,0,0,0,0
"SLA191906280","CHA",1,1,0,0,0,0,0,"austj101","R","willl104","L","","","","FLE2#","T","F",5,1,13,"F","F",0,"F","F",0,0,"F","F",1,0,0,0,0
"SLA191906280","CHA",1,1,0,0,0,0,0,"austj101","R","willl104","L","","","","8","T","F",5,1,2,"T","T",0,"F","F",1,0,"F","F",0,0,0,0,0
"SLA191906280","CHA",1,1,1,0,0,0,0,"gedej101","R","willl104","L","","","","43","F","F",4,2,2,"T","T",0,"F","F",1,0,"F","F",0,0,0,0,0
"SLA191906280","CHA",1,1,2,0,0,0,0,"tobij101","L","willl104","L","","","","13","F","F",7,3,2,"T","T",0,"F","F",1,0,"F","F",0,0,0,0,0
"SLA191906280","CHA",2,0,0,0,0,0,0,"jackj101","L","shocu101","R","","","","8","T","F",7,4,2,"T","T",0,"F","F",1,0,"F","F",0,0,0,0,0
"SLA191906280","CHA",2,0,1,0,0,0,0,"gandc101","R","shocu101","R","","","","63","F","F",3,5,2,"T","T",0,"F","F",1,0,"F","F",0,0,0,0,0
"SLA191906280","CHA",2,0,2,0,0,0,0,"felsh101","R","shocu101","R","","","","K","F","F",8,6,3,"T","T",0,"F","F",1,0,"F","F",0,0,0,0,0
"SLA191906280","CHA",2,1,0,0,0,0,0,"sislg101","L","willl104","L","","","","8/F8XD","T","F",3,4,2,"T","T",0,"F","F",1,0,"F","F",0,0,0,0,0
"SLA191906280","CHA",2,1,1,0,0,0,0,"jacow101","R","willl104","L","","","","HP","F","F",8,5,16,"T","F",0,"F","F",0,0,"F","F",0,1,0,0,0
"SLA191906280","CHA",2,1,1,0,0,0,0,"smite107","R","willl104","L","jacow101","","","D7/F7DW.1-H;BX3(765)","F","F",9,6,21,"T","T",2,"F","F",1,1,"F","F",0,0,4,0,0
"SLA191906280","CHA",2,1,2,0,0,0,1,"gerbw101","R","willl104","L","","","","HP","F","F",6,7,16,"T","F",0,"F","F",0,0,"F","F",0,1,0,0,0
"SLA191906280","CHA",2,1,2,0,0,0,1,"seveh101","R","willl104","L","gerbw101","","","6/P8S","F","F",2,8,2,"T","T",0,"F","F",1,0,"F","F",0,0,1,0,0
"SLA191906280","CHA",3,0,0,0,0,0,1,"mcmuf101","R","shocu101","R","","","","S/89S","T","F",5,7,20,"T","T",1,"F","F",0,0,"F","F",0,1,0,0,0
"SLA191906280","CHA",3,0,0,0,0,0,1,"schar103","R","shocu101","R","mcmuf101","","","7/FL","F","F",2,8,2,"T","T",0,"F","F",1,0,"F","F",0,0,1,0,0
"SLA191906280","CHA",3,0,1,0,0,0,1,"willl104","R","shocu101","R","mcmuf101","","","8/L89","F","F",1,9,2,"T","T",0,"F","F",1,0,"F","F",0,0,1,0,0
"SLA191906280","CHA",3,0,2,0,0,0,1,"leibn101","L","shocu101","R","mcmuf101","","","5/FL","F","F",9,1,2,"T","T",0,"F","F",1,0,"F","F",0,0,1,0,0
"SLA191906280","CHA",3,1,0,0,0,0,1,"shocu101","R","willl104","L","","","","2/FL","T","F",1,9,2,"T","T",0,"F","F",1,0,"F","F",0,0,0,0,0
"SLA191906280","CHA",3,1,1,0,0,0,1,"austj101","R","willl104","L","","","","43","F","F",5,1,2,"T","T",0,"F","F",1,0,"F","F",0,0,0,0,0
"SLA191906280","CHA",3,1,2,0,0,0,1,"gedej101","R","willl104","L","","","","8","F","F",4,2,2,"T","T",0,"F","F",1,0,"F","F",0,0,0,0,0
"SLA191906280","CHA",4,0,0,0,0,0,1,"colle101","L","shocu101","R","","","","D7/7L","T","F",4,2,21,"T","T",2,"F","F",0,0,"F","F",0,2,0,0,0
"SLA191906280","CHA",4,0,0,0,0,0,1,"weavb101","L","shocu101","R","","colle101","","FC2.2X3(25)","F","F",6,3,19,"T","T",0,"F","F",1,0,"F","F",0,1,0,0,0
"SLA191906280","CHA",4,0,1,0,0,0,1,"jackj101","L","shocu101","R","weavb101","","","SB2","F","F",7,4,4,"F","F",0,"F","F",0,0,"F","F",0,0,2,0,0
"SLA191906280","CHA",4,0,1,0,0,0,1,"jackj101","L","shocu101","R","","weavb101","","W","F","F",7,4,14,"T","F",0,"F","F",0,0,"F","F",0,1,0,2,0
"SLA191906280","CHA",4,0,1,0,0,0,1,"gandc101","R","shocu101","R","jackj101","weavb101","","2","F","F",3,5,2,"T","T",0,"F","F",1,0,"F","F",0,0,1,2,0
"SLA191906280","CHA",4,0,2,0,0,0,1,"felsh101","R","shocu101","R","jackj101","weavb101","","53","F","F",8,6,2,"T","T",0,"F","F",1,0,"F","F",0,0,1,2,0
"SLA191906280","CHA",4,1,0,0,0,0,1,"tobij101","L","willl104","L","","","","D9/L9DW","T","F",7,3,21,"T","T",2,"F","F",0,0,"F","F",0,2,0,0,0
"SLA191906280","CHA",4,1,0,0,0,0,1,"sislg101","L","willl104","L","","tobij101","","9/F9D.2-3","F","F",3,4,2,"T","T",0,"F","F",1,0,"F","F",0,0,0,3,0
"SLA191906280","CHA",4,1,1,0,0,0,1,"jacow101","R","willl104","L","","","tobij101","K","F","F",8,5,3,"T","T",0,"F","F",1,0,"F","F",0,0,0,0,3
"SLA191906280","CHA",4,1,2,0,0,0,1,"smite107","R","willl104","L","","","tobij101","8","F","F",9,6,2,"T","T",0,"F","F",1,0,"F","F",0,0,0,0,3
"SLA191906280","CHA",5,0,0,0,0,0,1,"mcmuf101","R","shocu101","R","","","","S8","T","F",5,7,20,"T","T",1,"F","F",0,0,"F","F",0,1,0,0,0
"SLA191906280","CHA",5,0,0,0,0,0,1,"schar103","R","shocu101","R","mcmuf101","","","16(1)/FO/BG","F","F",2,8,2,"T","T",0,"F","F",1,0,"F","F",0,1,0,0,0
"SLA191906280","CHA",5,0,1,0,0,0,1,"willl104","R","shocu101","R","schar103","","","3/SH.1-2","F","F",1,9,2,"T","F",0,"T","F",1,0,"F","F",0,0,2,0,0
"SLA191906280","CHA",5,0,2,0,0,0,1,"leibn101","L","shocu101","R","","schar103","","5","F","F",9,1,2,"T","T",0,"F","F",1,0,"F","F",0,0,0,2,0
"SLA191906280","CHA",5,1,0,0,0,0,1,"gerbw101","R","willl104","L","","","","7","T","F",6,7,2,"T","T",0,"F","F",1,0,"F","F",0,0,0,0,0
"SLA191906280","CHA",5,1,1,0,0,0,1,"seveh101","R","willl104","L","","","","K","F","F",2,8,3,"T","T",0,"F","F",1,0,"F","F",0,0,0,0,0
"SLA191906280","CHA",5,1,2,0,0,0,1,"shocu101","R","willl104","L","","","","W","F","F",1,9,14,"T","F",0,"F","F",0,0,"F","F",0,1,0,0,0
"SLA191906280","CHA",5,1,2,0,0,0,1,"austj101","R","willl104","L","shocu101","","","9/FL","F","F",5,1,2,"T","T",0,"F","F",1,0,"F","F",0,0,1,0,0
"SLA191906280","CHA",6,0,0,0,0,0,1,"colle101","L","shocu101","R","","","","W","T","F",4,2,14,"T","F",0,"F","F",0,0,"F","F",0,1,0,0,0
"SLA191906280","CHA",6,0,0,0,0,0,1,"weavb101","L","shocu101","R","colle101","","","E4/TH1.1-3;B-2","F","F",6,3,18,"T","T",0,"F","F",0,0,"F","F",1,2,3,0,0
"SLA191906280","CHA",6,0,0,0,0,0,1,"jackj101","L","shocu101","R","","weavb101","colle101","S8/L.3-H;2-H(UR)","F","F",7,4,20,"T","T",1,"F","F",0,2,"F","F",0,1,0,5,4
"SLA191906280","CHA",6,0,0,0,0,2,1,"gandc101","R","shocu101","R","jackj101","","","46(1)3/GDP","F","F",3,5,2,"T","T",0,"F","F",2,0,"F","F",0,0,0,0,0
"SLA191906280","CHA",6,0,2,0,0,2,1,"felsh101","R","shocu101","R","","","","53","F","F",8,6,2,"T","T",0,"F","F",1,0,"F","F",0,0,0,0,0
"SLA191906280","CHA",6,1,0,0,0,2,1,"gedej101","R","willl104","L","","","","6/L","T","F",4,2,2,"T","T",0,"F","F",1,0,"F","F",0,0,0,0,0
"SLA191906280","CHA",6,1,1,0,0,2,1,"tobij101","L","willl104","L","","","","9/F9S","F","F",7,3,2,"T","T",0,"F","F",1,0,"F","F",0,0,0,0,0
"SLA191906280","CHA",6,1,2,0,0,2,1,"sislg101","L","willl104","L","","","","8/F78","F","F",3,4,2,"T","T",0,"F","F",1,0,"F","F",0,0,0,0,0
"SLA191906280","CHA",7,0,0,0,0,2,1,"mcmuf101","R","shocu101","R","","","","43","T","F",5,7,2,"T","T",0,"F","F",1,0,"F","F",0,0,0,0,0
"SLA191906280","CHA",7,0,1,0,0,2,1,"schar103","R","shocu101","R","","","","S7","F","F",2,8,20,"T","T",1,"F","F",0,0,"F","F",0,1,0,0,0
"SLA191906280","CHA",7,0,1,0,0,2,1,"willl104","R","shocu101","R","schar103","","","SB2","F","F",1,9,4,"F","F",0,"F","F",0,0,"F","F",0,0,2,0,0
"SLA191906280","CHA",7,0,1,0,0,2,1,"willl104","R","shocu101","R","","schar103","","W","F","F",1,9,14,"T","F",0,"F","F",0,0,"F","F",0,1,0,2,0
"SLA191906280","CHA",7,0,1,0,0,2,1,"leibn101","L","shocu101","R","willl104","schar103","","46(1)/FO.2-3","F","F",9,1,2,"T","T",0,"F","F",1,0,"F","F",0,1,0,3,0
"SLA191906280","CHA",7,0,2,0,0,2,1,"colle101","L","shocu101","R","leibn101","","schar103","S7/G5.3-H;1-2","F","F",4,2,20,"T","T",1,"F","F",0,1,"F","F",0,1,2,0,4
"SLA191906280","CHA",7,0,2,0,0,3,1,"weavb101","L","shocu101","R","colle101","leibn101","","8","F","F",6,3,2,"T","T",0,"F","F",1,0,"F","F",0,0,1,2,0
"SLA191906280","CHA",7,1,0,0,0,3,1,"jacow101","R","willl104","L","","","","8/F89","T","F",8,5,2,"T","T",0,"F","F",1,0,"F","F",0,0,0,0,0
"SLA191906280","CHA",7,1,1,0,0,3,1,"smite107","R","willl104","L","","","","D7/7DW","F","F",9,6,21,"T","T",2,"F","F",0,0,"F","F",0,2,0,0,0
"SLA191906280","CHA",7,1,1,0,0,3,1,"gerbw101","R","willl104","L","","smite107","","W","F","F",6,7,14,"T","F",0,"F","F",0,0,"F","F",0,1,0,2,0
"SLA191906280","CHA",7,1,1,0,0,3,1,"seveh101","R","willl104","L","gerbw101","smite107","","S7.2-H;1-2","F","F",2,8,20,"T","T",1,"F","F",0,1,"F","F",0,1,2,4,0
"SLA191906280","CHA",7,1,1,0,0,3,2,"billj103","R","willl104","L","seveh101","gerbw101","","K/C","F","T",11,9,3,"T","T",0,"F","F",1,0,"F","F",0,0,1,2,0
"SLA191906280","CHA",7,1,2,0,0,3,2,"austj101","R","willl104","L","seveh101","gerbw101","","9","F","F",5,1,2,"T","T",0,"F","F",1,0,"F","F",0,0,1,2,0
"SLA191906280","CHA",8,0,0,0,0,3,2,"jackj101","L","koobe101","L","","","","W","T","F",7,4,14,"T","F",0,"F","F",0,0,"F","F",0,1,0,0,0
"SLA191906280","CHA",8,0,0,0,0,3,2,"gandc101","R","koobe101","L","jackj101","","","99/SH.1-2","F","F",3,5,2,"T","F",0,"T","F",1,0,"F","F",0,0,2,0,0
"SLA191906280","CHA",8,0,1,0,0,3,2,"felsh101","R","koobe101","L","","jackj101","","99","F","F",8,6,2,"T","T",0,"F","F",1,0,"F","F",0,0,0,2,0
"SLA191906280","CHA",8,0,2,0,0,3,2,"mcmuf101","R","koobe101","L","","jackj101","","99","F","F",5,7,2,"T","T",0,"F","F",1,0,"F","F",0,0,0,2,0
"SLA191906280","CHA",8,1,0,0,0,3,2,"gedej101","R","willl104","L","","","","K","T","F",4,2,3,"T","T",0,"F","F",1,0,"F","F",0,0,0,0,0
"SLA191906280","CHA",8,1,1,0,0,3,2,"tobij101","L","willl104","L","","","","S8","F","F",7,3,20,"T","T",1,"F","F",0,0,"F","F",0,1,0,0,0
"SLA191906280","CHA",8,1,1,0,0,3,2,"sislg101","L","willl104","L","tobij101","","","99(1)/FO","F","F",3,4,2,"T","T",0,"F","F",1,0,"F","F",0,1,0,0,0
"SLA191906280","CHA",8,1,2,0,0,3,2,"jacow101","R","willl104","L","sislg101","","","4/P","F","F",8,5,2,"T","T",0,"F","F",1,0,"F","F",0,0,1,0,0
"SLA191906280","CHA",9,0,0,0,0,3,2,"schar103","R","koobe101","L","","","","99","T","F",2,8,2,"T","T",0,"F","F",1,0,"F","F",0,0,0,0,0
"SLA191906280","CHA",9,0,1,0,0,3,2,"willl104","R","koobe101","L","","","","99","F","F",1,9,2,"T","T",0,"F","F",1,0,"F","F",0,0,0,0,0
"SLA191906280","CHA",9,0,2,0,0,3,2,"colls101","R","koobe101","L","","","","99","F","F",9,1,2,"T","T",0,"F","F",1,0,"F","F",0,0,0,0,0
"SLA191906280","CHA",9,1,0,0,0,3,2,"smite107","R","willl104","L","","","","99","T","F",9,6,2,"T","T",0,"F","F",1,0,"F","F",0,0,0,0,0
"SLA191906280","CHA",9,1,1,0,0,3,2,"gerbw101","R","willl104","L","","","","99","F","F",6,7,2,"T","T",0,"F","F",1,0,"F","F",0,0,0,0,0
"SLA191906280","CHA",9,1,2,0,0,3,2,"seveh101","R","willl104","L","","","","99","F","F",2,8,2,"T","T",0,"F","F",1,0,"F","F",0,0,0,0,0
